Province/territory,First Nation/Indian band or Tribal Council area,Census subdivision/designated place
Newfoundland and Labrador,Miawpukek First Nation,"Samiajij Miawpukek, IRI (1003801)"
Newfoundland and Labrador,Mushuau Innu First Nation,"Natuashish 2, IRI (1010801)"
Newfoundland and Labrador,Sheshatshiu Innu First Nation,"Sheshatshiu 3, IRI (1010802)"
Prince Edward Island,Abegweit First Nation,"Morell 2, IRI (1101050); Rocky Point 3, IRI (1102030); Scotchfort 4, IRI (1102057)"
Prince Edward Island,Lennox Island First Nation,"Lennox Island 1, IRI (1103035)"
Prince Edward Island,Mi'kmaq Confederacy of PEI,"Morell 2, IRI (1101050); Rocky Point 3, IRI (1102030); Scotchfort 4, IRI (1102057); Lennox Island 1, IRI (1103035)"
Nova Scotia,Acadia First Nation,"Yarmouth 33, IRI (1202040); Ponhook Lake 10, IRI (1204009); Wildcat 12, IRI (1204015); Gold River 21, IRI (1206011)"
Nova Scotia,Annapolis Valley First Nation,"Cambridge 32, IRI (1207002)"
Nova Scotia,Bear River First Nation,"Bear River (Part) 6, IRI (1203009); Bear River (Part) 6, IRI (1205002); Bear River 6B, IRI (1205006)"
Nova Scotia,Confederacy of Mainland Mi'kmaq,"Bear River (Part) 6, IRI (1203009); Bear River (Part) 6, IRI (1205002); Bear River 6B, IRI (1205006); Pennal 19, IRI (1206014); New Ross 20, IRI (1206016); Cambridge 32, IRI (1207002); Glooscap 35, IRI (1207027); Indian Brook 14, IRI (1208014); Cole Harbour 30, IRI (1209019); Shubenacadie 13, IRI (1209029); Beaver Lake 17, IRI (1209037); Sheet Harbour 36, IRI (1209038); Wallace Hills 14A, IRI (1209800); Millbrook 27, IRI (1210003); Fisher's Grant 24, IRI (1212019); Merigomish Harbour 31, IRI (1212023); Pomquet And Afton 23, IRI (1214010)"
Nova Scotia,Eskasoni First Nation,"Eskasoni 3, IRI (1217020)"
Nova Scotia,Glooscap First Nation,"Glooscap 35, IRI (1207027)"
Nova Scotia,Membertou,"Membertou 28B, IRI (1217008)"
Nova Scotia,Millbrook First Nation,"Cole Harbour 30, IRI (1209019); Beaver Lake 17, IRI (1209037); Sheet Harbour 36, IRI (1209038); Millbrook 27, IRI (1210003)"
Nova Scotia,Paqtnkek Mi'kmaw Nation,"Pomquet And Afton 23, IRI (1214010)"
Nova Scotia,Pictou Landing First Nation,"Fisher's Grant 24, IRI (1212019); Merigomish Harbour 31, IRI (1212023)"
Nova Scotia,Potlotek First Nation,"Chapel Island 5, IRI (1216014)"
Nova Scotia,Sipekne'katik First Nation,"Pennal 19, IRI (1206014); New Ross 20, IRI (1206016); Indian Brook 14, IRI (1208014); Shubenacadie 13, IRI (1209029); Wallace Hills 14A, IRI (1209800)"
Nova Scotia,Union of Nova Scotia Indians,"Yarmouth 33, IRI (1202040); Ponhook Lake 10, IRI (1204009); Wildcat 12, IRI (1204015); Gold River 21, IRI (1206011); Whycocomagh 2, IRI (1215008); Chapel Island 5, IRI (1216014); Membertou 28B, IRI (1217008); Eskasoni 3, IRI (1217020); Wagmatcook 1, IRI (1218003)"
Nova Scotia,Wagmatcook First Nation,"Wagmatcook 1, IRI (1218003)"
Nova Scotia,We'koqma'q First Nation,"Whycocomagh 2, IRI (1215008)"
New Brunswick,Buctouche MicMac Band,"Buctouche 16, IRI (1308003)"
New Brunswick,Eel Ground First Nation,"Big Hole Tract 8 (South Half), IRI (1309034); Eel Ground 2, IRI (1309035)"
New Brunswick,Eel River Bar First Nation,"Eel River 3, IRI (1314010); Indian Ranch, IRI (1314026)"
New Brunswick,Elsipogtog First Nation,"Richibucto 15, IRI (1308015)"
New Brunswick,Esgenoôpetitj First Nation,"Esgenoôpetitj 14, IRI (1309044); Tabusintac 9, IRI (1309047)"
New Brunswick,Fort Folly First Nation,"Fort Folly 1, IRI (1307014)"
New Brunswick,Indian Island First Nation,"Indian Island 28, IRI (1308020)"
New Brunswick,Kingsclear First Nation,"Kingsclear 6, IRI (1310019)"
New Brunswick,Madawaska Maliseet First Nation,"St. Basile 10, IRI (1313020)"
New Brunswick,Metepenagiag Mi'kmaq Nation,"Red Bank 4, IRI (1309023)"
New Brunswick,North Shore Micmac District Council Inc.,"Fort Folly 1, IRI (1307014); Buctouche 16, IRI (1308003); Indian Island 28, IRI (1308020); Red Bank 4, IRI (1309023); Big Hole Tract 8 (South Half), IRI (1309034); Eel Ground 2, IRI (1309035); Eel River 3, IRI (1314010); Indian Ranch, IRI (1314026); Pabineau 11, IRI (1315010)"
New Brunswick,Oromocto First Nation,"Oromocto 26, IRI (1303013)"
New Brunswick,Pabineau First Nation,"Pabineau 11, IRI (1315010)"
New Brunswick,Saint John River Valley Tribal Council Inc.,"Oromocto 26, IRI (1303013); Devon 30, IRI (1310034); Woodstock 23, IRI (1311005); St. Basile 10, IRI (1313020)"
New Brunswick,St. Mary's First Nation,"Devon 30, IRI (1310034)"
New Brunswick,Tobique First Nation,"Tobique 20, IRI (1312007)"
New Brunswick,Woodstock First Nation,"Woodstock 23, IRI (1311005)"
Quebec,Algonquin Anishinabeg Nation Tribal Council,"Kitigan Zibi, IRI (2483802); Kebaowek, IRI (2485802); Winneway, S-É (2485804); Pikogan, IRI (2488802); Kitcisakik, S-É (2489802); Lac-Simon, IRI (2489804)"
Quebec,Algonquin Nation Programs and Services Secretariat,"Lac-Rapide, IRI (2483804); Hunter's Point, S-É (2485803); Timiskaming, IRI (2485806)"
Quebec,Atikamekw d'Opitciwan,"Obedjiwan, IRI (2490804)"
Quebec,Atikamekw Sipi - Conseil de la Nation Atikamekw,"Manawan, IRI (2462802); Wemotaci, IRI (2490802); Obedjiwan, IRI (2490804)"
Quebec,Bande des Innus de Pessamit,"Pessamit, IRI (2496802)"
Quebec,Communauté Anicinape de Kitcisakik,"Kitcisakik, S-É (2489802)"
Quebec,Conseil de la Première Nation Abitibiwinni,"Pikogan, IRI (2488802)"
Quebec,Conseil des Atikamekw de Wemotaci,"Wemotaci, IRI (2490802)"
Quebec,Conseil Tribal Mamuitun,"Mashteuiatsh, IRI (2491802); Essipit, IRI (2495802); Pessamit, IRI (2496802); Uashat, IRI (2497802); Maliotenam, IRI (2497804); Matimekosh, IRI (2497808); Lac-John, IRI (2497810)"
Quebec,Cree Nation of Chisasibi,"Chisasibi, TC (2499814)"
Quebec,Cree Nation of Mistissini,"Mistissini, TC (2499804)"
Quebec,Cree Nation of Nemaska,"Nemaska, TC (2499808)"
Quebec,Cree Nation of Wemindji,"Wemindji, TC (2499812)"
Quebec,Eagle Village First Nation - Kipawa,"Kebaowek, IRI (2485802)"
Quebec,Eastmain,"Eastmain, TC (2499810)"
Quebec,Grand Conseil de la Nation Waban-Aki Inc.,"Wôlinak, IRI (2438802); Odanak, IRI (2450802)"
Quebec,Innu Takuaikan Uashat Mak Mani-Utenam,"Uashat, IRI (2497802); Maliotenam, IRI (2497804)"
Quebec,Innue Essipit,"Essipit, IRI (2495802)"
Quebec,Kitigan Zibi Anishinabeg,"Kitigan Zibi, IRI (2483802)"
Quebec,La Nation Innu Matimekush-Lac John,"Matimekosh, IRI (2497808); Lac-John, IRI (2497810)"
Quebec,Les Atikamekw de Manawan,"Manawan, IRI (2462802)"
Quebec,Les Innus de Ekuanitshit,"Mingan, IRI (2498808)"
Quebec,Listuguj Mi'gmaq Government,"Listuguj, IRI (2406804)"
Quebec,Long Point First Nation,"Winneway, S-É (2485804)"
Quebec,Micmacs of Gesgapegiag,"Gesgapegiag, IRI (2406802)"
Quebec,Mi'gmawei Mawiomi Secretariat,"Gesgapegiag, IRI (2406802); Listuguj, IRI (2406804)"
Quebec,Montagnais de Natashquan,"Natashquan, IRI (2498806)"
Quebec,Montagnais de Pakua Shipi,"Pakuashipi, S-É (2498802)"
Quebec,Montagnais de Unamen Shipu,"La Romaine, IRI (2498804)"
Quebec,Montagnais du Lac St.-Jean,"Mashteuiatsh, IRI (2491802)"
Quebec,Naskapi Nation of Kawawachikamach,"Kawawachikamach, TK (2497806)"
Quebec,Nation Anishnabe du Lac Simon,"Lac-Simon, IRI (2489804)"
Quebec,Nation Huronne Wendat,"Wendake, IRI (2423802)"
Quebec,Odanak,"Odanak, IRI (2450802)"
Quebec,Oujé-Bougoumou Cree Nation,"Oujé-Bougoumou, S-É (2499818)"
Quebec,Première Nation de Whapmagoostui,"Whapmagoostui, TC (2499816)"
Quebec,Première Nation des Abénakis de Wôlinak,"Wôlinak, IRI (2438802)"
Quebec,Regroupement Mamit Innuat Inc.,"Pakuashipi, S-É (2498802); La Romaine, IRI (2498804); Natashquan, IRI (2498806); Mingan, IRI (2498808)"
Quebec,The Crees of the Waskaganish First Nation,"Waskaganish, TC (2499806)"
Quebec,Timiskaming First Nation,"Timiskaming, IRI (2485806)"
Quebec,Waswanipi,"Waswanipi, TC (2499802)"
Ontario,Aamjiwnaang First Nation,"Sarnia 45, IRI (3538025)"
Ontario,Alderville First Nation,"Alderville First Nation, IRI (3514027)"
Ontario,Algonquins of Pikwàkanagàn First Nation,"Pikwakanagan (Golden Lake 39), IRI (3547037)"
Ontario,Animakee Wa Zhing 37 First Nation,"Lake Of The Woods 37, IRI (3560065); Whitefish Bay 34A, IRI (3560083)"
Ontario,Anishinaabeg of Kabapikotawangag Resource Council Inc.,"Sabaskong Bay (Part) 35C, IRI (3559048); Big Grassy River 35G, IRI (3559051); Whitefish Bay 33A, IRI (3560005); Sabaskong Bay (Part) 35C, IRI (3560007); Northwest Angle 33B, IRI (3560060); Sabaskong Bay 35D, IRI (3560063); Lake Of The Woods 37, IRI (3560065); Kenora 38B, IRI (3560066); Whitefish Bay 34A, IRI (3560083)"
Ontario,Anishnaabeg of Naongashiing,"Big Island Mainland 93, IRI (3559052); Saug-a-Gaw-Sing 1, IRI (3559053)"
Ontario,Aroland First Nation,"Aroland 83, IRI (3558076)"
Ontario,Atikameksheng Anishnawbek,"Whitefish Lake 6, IRI (3552051)"
Ontario,Attawapiskat First Nation,"Attawapiskat 91A, IRI (3560051)"
Ontario,Aundeck-Omni-Kaning,"Sucker Creek 23, IRI (3551041)"
Ontario,Bearskin Lake First Nation,"Bearskin Lake, IRI (3560095)"
Ontario,Beausoleil First Nation,"Christian Island 30, IRI (3543069); Christian Island 30A, IRI (3543070)"
Ontario,Big Grassy River First Nation,"Big Grassy River 35G, IRI (3559051)"
Ontario,Biigtigong Nishnaabeg,"Pic River 50, IRI (3558062)"
Ontario,Biinjitiwaabik Zaaging Anishinaabek,"Rocky Bay 1, IRI (3558069)"
Ontario,Bimose Tribal Council,"Seine River 22A2, IRI (3558095); Lac des Mille Lacs 22A1, IRI (3558100); Eagle Lake 27, IRI (3560024); Wabigoon Lake 27, IRI (3560057); English River 21, IRI (3560058); Wabaseemoong, IRI (3560061); Shoal Lake 34B2, IRI (3560064); Shoal Lake (Part) 39A, IRI (3560068); Rat Portage 38A, IRI (3560069); Shoal Lake (Part) 40, IRI (3560082); Wabauskang 21, IRI (3560084); The Dalles 38C, IRI (3560089); Shoal Lake (Part) 40, IRI (4601079); Shoal Lake (Part) 39A, IRI (4601082)"
Ontario,Bkejwanong-Walpole Island First Nation,"Walpole Island 46, IRI (3538004)"
Ontario,Brunswick House First Nation,"Duck Lake 76B, IRI (3552054)"
Ontario,Cat Lake First Nation,"Cat Lake 63C, IRI (3560054)"
Ontario,Chippewas of Rama First Nation,"Mnjikaning First Nation 32, IRI (3543050)"
Ontario,Constance Lake First Nation,"Constance Lake 92, IRI (3556095)"
Ontario,Couchiching First Nation,"Agency 1, IRI (3559062); Couchiching 16A, IRI (3559063)"
Ontario,Curve Lake First Nation,"Curve Lake First Nation 35, IRI (3515019)"
Ontario,Deer Lake First Nation,"Deer Lake, IRI (3560070)"
Ontario,Delaware Nation at Moraviantown,"Moravian 47, IRI (3536029)"
Ontario,Dokis First Nation,"Dokis 9, IRI (3549077)"
Ontario,Eabametoong First Nation,"Fort Hope 64, IRI (3560053)"
Ontario,Eagle Lake First Nation,"Eagle Lake 27, IRI (3560024)"
Ontario,Fort Albany and Kashechewan First Nation,"Fort Albany (Part) 67, IRI (3556093); Fort Albany (Part) 67, IRI (3560050)"
Ontario,Fort Severn First Nation,"Fort Severn 89, IRI (3560078)"
Ontario,Fort William First Nation,"Fort William 52, IRI (3558003)"
Ontario,Garden River First Nation,"Garden River 14, IRI (3557074)"
Ontario,Georgina Island First Nation,"Chippewas of Georgina Island First Nation, IRI (3519076)"
Ontario,Ginoogaming First Nation,"Ginoogaming First Nation, IRI (3558067)"
Ontario,Grassy Narrows First Nation,"English River 21, IRI (3560058)"
Ontario,Gull Bay First Nation,"Gull River 55, IRI (3558065)"
Ontario,Henvey Inlet First Nation,"Henvey Inlet 2, IRI (3549075); French River 13, IRI (3549076)"
Ontario,Hiawatha First Nation,"Hiawatha First Nation, IRI (3515008)"
Ontario,Independent First Nations Alliance,"Whitesand, IRI (3558097); Lac Seul 28, IRI (3560056); Kitchenuhmaykoosib Aaki 84 (Big Trout Lake), IRI (3560075); Pikangikum 14, IRI (3560077); Muskrat Dam Lake, IRI (3560097)"
Ontario,Iskatewizaagegan #39 Independent First Nation,"Shoal Lake 34B2, IRI (3560064); Shoal Lake (Part) 39A, IRI (3560068); Shoal Lake (Part) 39A, IRI (4601082)"
Ontario,Kasabonika Lake First Nation,"Kasabonika Lake, IRI (3560096)"
Ontario,Keewaytinook Okimakanak/Northern Chiefs Council,"Poplar Hill, IRI (3560067); Deer Lake, IRI (3560070); Fort Severn 89, IRI (3560078); North Spirit Lake, IRI (3560080); McDowell Lake, S-É (3560102); Kee-Way-Win, IRI (3560104)"
Ontario,Keewaywin First Nation,"Kee-Way-Win, IRI (3560104)"
Ontario,Kettle & Stony Point First Nation,"Kettle Point 44, IRI (3538056)"
Ontario,Kingfisher Lake First Nation,"Kingfisher Lake 1, IRI (3560098)"
Ontario,Kitchenuhmaykoosib Inninuwug First Nation,"Kitchenuhmaykoosib Aaki 84 (Big Trout Lake), IRI (3560075)"
Ontario,Lac La Croix First Nation,"Neguaguon Lake 25D, IRI (3559060)"
Ontario,Lac Seul First Nation,"Lac Seul 28, IRI (3560056)"
Ontario,Long Lake No.58 First Nation,"Long Lake 58, IRI (3558068)"
Ontario,Magnetawan First Nation,"Magnetewan 1, IRI (3549078)"
Ontario,"Mamaweswen, The North Shore Tribal Council","Whitefish Lake 6, IRI (3552051); Thessalon 12, IRI (3557026); Sagamok, IRI (3557071); Serpent River 7, IRI (3557072); Mississagi River 8, IRI (3557073); Garden River 14, IRI (3557074); Rankin Location 15D, IRI (3557075); Goulais Bay 15A, IRI (3557077)"
Ontario,Marten Falls First Nation,"Marten Falls 65, IRI (3560052)"
Ontario,Matachewan First Nation,"Matachewan 72, IRI (3554057)"
Ontario,Matawa First Nations Management,"Constance Lake 92, IRI (3556095); Ginoogaming First Nation, IRI (3558067); Long Lake 58, IRI (3558068); Aroland 83, IRI (3558076); Marten Falls 65, IRI (3560052); Fort Hope 64, IRI (3560053); Webequie, IRI (3560079); Lansdowne House, S-É (3560081); Summer Beaver, S-É (3560086); Neskantaga, IRI (3560093)"
Ontario,Mattagami First Nation,"Mattagami 71, IRI (3552052)"
Ontario,M'Chigeeng First Nation,"M'Chigeeng 22 (West Bay 22), IRI (3551045)"
Ontario,Michipicoten First Nation,"Gros Cap 49, IRI (3557078)"
Ontario,Mishkeegogamang Ojibway Nation,"Osnaburgh 63A, IRI (3558085); Osnaburgh 63B, IRI (3560055)"
Ontario,Mississauga First Nation,"Mississagi River 8, IRI (3557073)"
Ontario,Mississauga's of Scugog Island First Nation,"Mississaugas of Scugog Island, IRI (3518022)"
Ontario,Mississaugas of the New Credit First Nation,"New Credit (Part) 40A, IRI (3528035); New Credit (Part) 40A, IRI (3529021)"
Ontario,Mitaanjigamiing First Nation,"Rainy Lake 18C, IRI (3559061); Agency 1, IRI (3559062)"
Ontario,Mohawks of Akwesasne,"Akwesasne, IRI (2469802); Akwesasne (Part) 59, IRI (3501007)"
Ontario,Mohawks of the Bay of Quinte-Tyendinaga,"Tyendinaga Mohawk Territory, IRI (3512004)"
Ontario,Moose Cree First Nation,"Factory Island 1, IRI (3556094); Moose Factory 68, IRI (3556096)"
Ontario,Moose Deer Point First Nation,"Moose Point 79, IRI (3544073)"
Ontario,Mushkegowuk Council,"Chapleau 75, IRI (3552058); Fort Albany (Part) 67, IRI (3556093); Factory Island 1, IRI (3556094); Moose Factory 68, IRI (3556096); New Post 69A, IRI (3556102); Fort Albany (Part) 67, IRI (3560050); Attawapiskat 91A, IRI (3560051)"
Ontario,Muskrat Dam First Nation,"Muskrat Dam Lake, IRI (3560097)"
Ontario,Naicatchewenin First Nations,"Agency 1, IRI (3559062); Rainy Lake 17A, IRI (3559068); Rainy Lake 17B, IRI (3559069)"
Ontario,Naotkamegwanning First Nation,"Whitefish Bay 32A, IRI (3560004)"
Ontario,Neskantaga First Nation,"Lansdowne House, S-É (3560081); Neskantaga, IRI (3560093)"
Ontario,Nibinamik First Nation,"Summer Beaver, S-É (3560086)"
Ontario,Nigigoonsiminikaaning First Nation,"Agency 1, IRI (3559062); Rainy Lake 26A, IRI (3559064)"
Ontario,Nipissing First Nation,"Nipissing 10, IRI (3548073)"
Ontario,Nokiiwin Tribal Council,"Fort William 52, IRI (3558003); Pic Mobert North, IRI (3558060); Pic Mobert South, IRI (3558061); Gull River 55, IRI (3558065); Rocky Bay 1, IRI (3558069); Lake Nipigon, IRI (3558077)"
Ontario,North Caribou Lake First Nation,"Weagamow Lake 87, IRI (3560059)"
Ontario,North Spirit Lake First Nation,"North Spirit Lake, IRI (3560080)"
Ontario,Northwest Angle No.33 First Nation,"Whitefish Bay 33A, IRI (3560005); Northwest Angle 33B, IRI (3560060)"
Ontario,Obashkaandagaang First Nation,"Rat Portage 38A, IRI (3560069)"
Ontario,Ochiichagwe'babigo'ining First Nation,"The Dalles 38C, IRI (3560089)"
Ontario,Ogemawahj Tribal Council,"Alderville First Nation, IRI (3514027); Mississaugas of Scugog Island, IRI (3518022); Chippewas of Georgina Island First Nation, IRI (3519076); Mnjikaning First Nation 32, IRI (3543050); Christian Island 30, IRI (3543069); Christian Island 30A, IRI (3543070); Moose Point 79, IRI (3544073)"
Ontario,Ojibway Nation of Saugeen,"Ojibway Nation of Saugeen (Savant Lake), IRI (3558080)"
Ontario,Ojibways of Onigaming First Nation,"Sabaskong Bay (Part) 35C, IRI (3559048); Sabaskong Bay (Part) 35C, IRI (3560007); Sabaskong Bay 35D, IRI (3560063)"
Ontario,Pays Plat First Nation,"Pays Plat 51, IRI (3558063)"
Ontario,Pic Mobert,"Pic Mobert North, IRI (3558060); Pic Mobert South, IRI (3558061)"
Ontario,Poplar Hill First Nation,"Poplar Hill, IRI (3560067)"
Ontario,Pwi-Di-Goo-Zing Ne-Yaa-Zhing Advisory Services,"Manitou Rapids 11, IRI (3559026); Long Sault 12, IRI (3559030); Neguaguon Lake 25D, IRI (3559060); Rainy Lake 18C, IRI (3559061); Agency 1, IRI (3559062); Couchiching 16A, IRI (3559063); Rainy Lake 26A, IRI (3559064); Seine River 23B, IRI (3559065); Seine River 23A, IRI (3559066); Rainy Lake 17A, IRI (3559068); Rainy Lake 17B, IRI (3559069)"
Ontario,Rainy River First Nations,"Manitou Rapids 11, IRI (3559026); Long Sault 12, IRI (3559030)"
Ontario,Red Rock,"Lake Helen 53A, IRI (3558064)"
Ontario,Sachigo Lake First Nation,"Sachigo Lake 1, IRI (3560076)"
Ontario,Sagamok Anishnawbek First Nation,"Sagamok, IRI (3557071)"
Ontario,Sandy Lake First Nation,"Sandy Lake 88, IRI (3560071)"
Ontario,Saugeen First Nation,"Chief's Point No. 28, IRI (3541056); Saugeen 29, IRI (3541057)"
Ontario,Seine River First Nation,"Seine River 23B, IRI (3559065); Seine River 23A, IRI (3559066)"
Ontario,Serpent River First Nation,"Serpent River 7, IRI (3557072)"
Ontario,Shawanaga First Nation,"Shawanaga 17, IRI (3549072)"
Ontario,Sheguiandah First Nation,"Sheguiandah 24, IRI (3551042)"
Ontario,Sheshegwaning First Nation,"Sheshegwaning 20, IRI (3551044)"
Ontario,Shibogama First Nations Council,"Wunnumin 1, IRI (3560085); Wapekeka 2, IRI (3560088); Kasabonika Lake, IRI (3560096); Kingfisher Lake 1, IRI (3560098); Wawakapewin (Long Dog Lake), IRI (3560100)"
Ontario,Shoal Lake No.40,"Shoal Lake 34B2, IRI (3560064); Shoal Lake (Part) 40, IRI (3560082); Shoal Lake (Part) 40, IRI (4601079)"
Ontario,Slate Falls Nation,"Slate Falls, S-É (3560046)"
Ontario,Southern First Nations Secretariat,"Moravian 47, IRI (3536029); Sarnia 45, IRI (3538025); Kettle Point 44, IRI (3538056); Chippewas of the Thames First Nation 42, IRI (3539017); Munsee-Delaware Nation 1, IRI (3539018); Oneida 41, IRI (3539021)"
Ontario,Taykwa Tagamou Nation,"New Post 69A, IRI (3556102)"
Ontario,Temagami First Nation,"Bear Island 1, IRI (3548072)"
Ontario,The Chippewas of Nawash Unceded First Nation,"Neyaashiinigmiing 27, IRI (3541060)"
Ontario,Thessalon First Nation,"Thessalon 12, IRI (3557026)"
Ontario,United Chiefs & Councils of Mnidoo Mnising,"Whitefish River (Part) 4, IRI (3551040); Sucker Creek 23, IRI (3551041); Sheguiandah 24, IRI (3551042); Sheshegwaning 20, IRI (3551044); M'Chigeeng 22 (West Bay 22), IRI (3551045); Zhiibaahaasing 19A (Cockburn Island 19A), IRI (3551100)"
Ontario,Waabnoong Bemjiwang Association of First Nations,"Nipissing 10, IRI (3548073); Parry Island First Nation, IRI (3549073); Henvey Inlet 2, IRI (3549075); French River 13, IRI (3549076); Dokis 9, IRI (3549077); Magnetewan 1, IRI (3549078); Wahnapitei 11, IRI (3553040)"
Ontario,Wabaseemoong Independent Nations,"Wabaseemoong, IRI (3560061)"
Ontario,Wabauskang First Nation,"Wabauskang 21, IRI (3560084)"
Ontario,Wabigoon Lake Ojibway Nation,"Wabigoon Lake 27, IRI (3560057)"
Ontario,Wabun Tribal Council,"Mattagami 71, IRI (3552052); Chapleau 74A, IRI (3552053); Duck Lake 76B, IRI (3552054); Matachewan 72, IRI (3554057); Flying Post 73, IRI (3556100)"
Ontario,Wahgoshig First Nation,"Abitibi 70, IRI (3556033)"
Ontario,Wahnapitae First Nation,"Wahnapitei 11, IRI (3553040)"
Ontario,Wapekeka First Nation,"Wapekeka 2, IRI (3560088)"
Ontario,Wasauksing First Nation,"Parry Island First Nation, IRI (3549073)"
Ontario,Wauzhushk Onigum Nation,"Kenora 38B, IRI (3560066)"
Ontario,Webequie First Nation,"Webequie, IRI (3560079)"
Ontario,Weenusk First Nation,"Peawanuck, S-É (3560091)"
Ontario,Whitefish River First Nation,"Whitefish River (Part) 4, IRI (3551040)"
Ontario,Whitesand First Nation,"Whitesand, IRI (3558097)"
Ontario,Wikwemikong,"Wikwemikong Unceded, IRI (3551043)"
Ontario,Windigo First Nations Council,"Slate Falls, S-É (3560046); Cat Lake 63C, IRI (3560054); Weagamow Lake 87, IRI (3560059); Sachigo Lake 1, IRI (3560076); Bearskin Lake, IRI (3560095)"
Ontario,Wunnumin Lake First Nation,"Wunnumin 1, IRI (3560085)"
Ontario,Zhiibaahaasing First Nation,"Zhiibaahaasing 19A (Cockburn Island 19A), IRI (3551100)"
Manitoba,Barren Lands First Nation,"Brochet 197, IRI (4623065)"
Manitoba,Berens River First Nation,"Berens River 13, IRI (4619077)"
Manitoba,Birdtail Sioux First Nation,"Birdtail Creek 57, IRI (4615042)"
Manitoba,Black River First Nation,"Black River 9, IRI (4619054)"
Manitoba,Bloodvein First Nation,"Bloodvein 12, IRI (4619052)"
Manitoba,Brokenhead Ojibway Nation,"Brokenhead 4, IRI (4613062)"
Manitoba,Bunibonibee Cree Nation,"Oxford House 24, IRI (4622050)"
Manitoba,Canupawakpa Dakota First Nation,"Canupawakpa Dakota First Nation (Oak Lake 59), IRI (4606029)"
Manitoba,Chemawawin Cree Nation,"Chemawawin 3, IRI (4619082); Chemawawin 2, IRI (4621029)"
Manitoba,Cross Lake Band,"Cross Lake 19, IRI (4622051); Cross Lake 19A, IRI (4622052); Cross Lake 19E, IRI (4622067)"
Manitoba,Dakota Ojibway Tribal Council Inc.,"Roseau Rapids 2A, IRI (4602026); Roseau River 2, IRI (4602027); Swan Lake 7, IRI (4604068); Sandy Bay 5, IRI (4608069); Long Plain (Part) 6, IRI (4609025); Dakota Tipi 1, IRI (4609027); Birdtail Creek 57, IRI (4615042); Waywayseecappo First Nation, IRI (4616017); Treaty Four Reserve Grounds 77, IRI (4706829)"
Manitoba,Dakota Plains First Nation,"Dakota Plains 6A, IRI (4609026)"
Manitoba,Dakota Tipi First Nation,"Dakota Tipi 1, IRI (4609027)"
Manitoba,Ebb and Flow First Nation,"Ebb and Flow 52, IRI (4617029)"
Manitoba,Fisher River First Nation,"Fisher River 44, IRI (4619056); Fisher River 44A, IRI (4619058)"
Manitoba,Fort Alexander,"Fort Alexander 3, IRI (4619050)"
Manitoba,Fox Lake Cree Nation,"Gillam, S-É (4623025); Fox Lake 2, IRI (4623027)"
Manitoba,Gambler First Nation,"Gambler 63 (Part), IRI (4615049); Gambler 63 (Part), IRI (4616025); Treaty Four Reserve Grounds 77, IRI (4706829)"
Manitoba,Garden Hill First Nations,"Garden Hill First Nation, IRI (4622048)"
Manitoba,God's Lake First Nation,"God's Lake 23, IRI (4622049)"
Manitoba,Hollow Water First Nation,"Hole or Hollow Water 10, IRI (4619053)"
Manitoba,Interlake Reserves Tribal Council Inc.,"Dog Creek 46, IRI (4618055); Little Saskatchewan 48, IRI (4618063); Fairford (Part) 50, IRI (4618067); Peguis 1B, IRI (4619059); Fairford (Part) 50, IRI (4619060); Jackhead 43, IRI (4619061); Dauphin River 48A, IRI (4619062)"
Manitoba,Island Lake Tribal Council Inc.,"Garden Hill First Nation, IRI (4622048); Red Sucker Lake 1976, IRI (4622056); Wasagamack, IRI (4622800); St. Theresa Point, IRI (4622801)"
Manitoba,Keeseekoowenin Ojibway First Nation,"Keeseekoowenin 61, IRI (4615067)"
Manitoba,Keewatin Tribal Council Inc.,"God's Lake 23, IRI (4622049); Oxford House 24, IRI (4622050); God's River 86A, IRI (4622055); Split Lake (Part) 171, IRI (4622063); Ilford, S-É (4622064); York Landing, IRI (4622065); Mooseocoot, IRI (4622802); Gillam, S-É (4623025); Fox Lake 2, IRI (4623027); Churchill 1, IRI (4623058); Split Lake (Part) 171, IRI (4623060); Brochet 197, IRI (4623065); Lac Brochet 197A, IRI (4623067)"
Manitoba,Kinonjeoshtegon First Nation,"Jackhead 43, IRI (4619061)"
Manitoba,Lake Manitoba First Nation,"Dog Creek 46, IRI (4618055)"
Manitoba,Little Grand Rapids First Nation,"Little Grand Rapids 14, IRI (4619051)"
Manitoba,Little Saskatchewan First Nation,"Little Saskatchewan 48, IRI (4618063)"
Manitoba,Long Plain First Nation,"Long Plain (Part) 6, IRI (4609025)"
Manitoba,Manto Sipi Cree Nation,"God's River 86A, IRI (4622055)"
Manitoba,Mathias Colomb Cree Nation,"Granville Lake, S-É (4623039); Pukatawagan 198, IRI (4623064)"
Manitoba,Misipawistik Cree Nation,"Grand Rapids 33, IRI (4621027)"
Manitoba,Mosakahiken Cree Nation,"Moose Lake 31A, IRI (4621058)"
Manitoba,Nisichawayasihk Cree Nation,"Nelson House 170, IRI (4622059)"
Manitoba,Northlands Denesuline First Nation,"Lac Brochet 197A, IRI (4623067)"
Manitoba,Norway House Cree Nation,"Norway House 17, IRI (4622058)"
Manitoba,O-Chi-Chak-Ko-Sipi First Nation,"Crane River 51, IRI (4619068)"
Manitoba,Opaskwayak Cree Nation,"Opaskwayak Cree Nation 21A, IRI (4621033); Opaskwayak Cree Nation 21B, IRI (4621034); Opaskwayak Cree Nation 21C, IRI (4621035); Opaskwayak Cree Nation 21I, IRI (4621040); Opaskwayak Cree Nation 21E, IRI (4621043); Opaskwayak Cree Nation 27A (Carrot River), IRI (4714846)"
Manitoba,O-Pipon-Na-Piwin Cree Nation,"South Indian Lake, S-É (4623037)"
Manitoba,Pauingassi First Nation,"Pauingassi First Nation, IRI (4619079)"
Manitoba,Peguis First Nation,"Peguis 1B, IRI (4619059)"
Manitoba,Pinaymootang First Nation,"Fairford (Part) 50, IRI (4618067); Fairford (Part) 50, IRI (4619060)"
Manitoba,Pine Creek First Nation,"Pine Creek 66A, IRI (4619070); Treaty Four Reserve Grounds 77, IRI (4706829)"
Manitoba,Poplar River First Nation,"Poplar River 16, IRI (4619075)"
Manitoba,Red Sucker Lake First Nation,"Red Sucker Lake 1976, IRI (4622056)"
Manitoba,Rolling River First Nations,"Rolling River 67, IRI (4615071); Rolling River 67B, IRI (4615072); Treaty Four Reserve Grounds 77, IRI (4706829)"
Manitoba,Roseau River Anishinabe First Nation Government,"Roseau Rapids 2A, IRI (4602026); Roseau River 2, IRI (4602027)"
Manitoba,Sandy Bay Objibway First Nation,"Sandy Bay 5, IRI (4608069)"
Manitoba,Sapotaweyak Cree Nation,"Shoal River Indian Reserve 65A, IRI (4619072); Treaty Four Reserve Grounds 77, IRI (4706829)"
Manitoba,Sayisi Dene First Nation,"Churchill 1, IRI (4623058)"
Manitoba,Shamattawa First Nation,"Shamattawa 1, IRI (4623071)"
Manitoba,Sioux Valley Dakota Nation,"Sioux Valley Dakota Nation, IRI (4606040)"
Manitoba,Skownan First Nation,"Waterhen 45, IRI (4619069)"
Manitoba,Southeast Resource Development Council Corp.,"Brokenhead 4, IRI (4613062); Little Grand Rapids 14, IRI (4619051); Bloodvein 12, IRI (4619052); Hole or Hollow Water 10, IRI (4619053); Black River 9, IRI (4619054); Poplar River 16, IRI (4619075); Berens River 13, IRI (4619077); Pauingassi First Nation, IRI (4619079)"
Manitoba,St. Theresa Point First Nation,"St. Theresa Point, IRI (4622801)"
Manitoba,Swampy Cree Tribal Council,"Swan Lake 65C, IRI (4619071); Shoal River Indian Reserve 65A, IRI (4619072); Chemawawin 3, IRI (4619082); Grand Rapids 33, IRI (4621027); Chemawawin 2, IRI (4621029); Moose Lake 31A, IRI (4621058); Granville Lake, S-É (4623039); Pukatawagan 198, IRI (4623064); Black Sturgeon, IRI (4623800); Treaty Four Reserve Grounds 77, IRI (4706829)"
Manitoba,Swan Lake First Nation,"Swan Lake 7, IRI (4604068)"
Manitoba,Tataskweyak Cree Nation,"Split Lake (Part) 171, IRI (4622063); Split Lake (Part) 171, IRI (4623060)"
Manitoba,Tootinaowaziibeeng First Nation,"Valley River 63A, IRI (4616046); Treaty Four Reserve Grounds 77, IRI (4706829)"
Manitoba,War Lake First Nation,"Ilford, S-É (4622064); Mooseocoot, IRI (4622802)"
Manitoba,Wasagamack First Nation,"Wasagamack, IRI (4622800)"
Manitoba,Waywayseecappo First Nation,"Waywayseecappo First Nation, IRI (4616017); Treaty Four Reserve Grounds 77, IRI (4706829)"
Manitoba,West Region Tribal Council Inc.,"Gambler 63 (Part), IRI (4615049); Keeseekoowenin 61, IRI (4615067); Rolling River 67, IRI (4615071); Rolling River 67B, IRI (4615072); Gambler 63 (Part), IRI (4616025); Valley River 63A, IRI (4616046); Ebb and Flow 52, IRI (4617029); Crane River 51, IRI (4619068); Waterhen 45, IRI (4619069); Pine Creek 66A, IRI (4619070); Treaty Four Reserve Grounds 77, IRI (4706829)"
Manitoba,York Factory First Nation,"York Landing, IRI (4622065)"
Saskatchewan,Agency Chiefs Tribal Council,"Big River 118, IRI (4716858); Witchekan Lake 117, IRI (4716862); Chitek Lake 191, IRI (4716863); Pelican Lake 191B, IRI (4716880); Witchekan Lake 117D, IRI (4716882); Pelican Lake 191A, IRI (4716894)"
Saskatchewan,Ahtahkakoop Cree Nation,"Ahtahkakoop 104, IRI (4716860)"
Saskatchewan,Battlefords Agency Tribal Chiefs Inc.,"Red Pheasant 108, IRI (4712829); Mosquito 109, IRI (4712830); Grizzly Bear's Head 110 and Lean Man 111, IRI (4712832); Sweet Grass 113, IRI (4712833); Sweet Grass 113-M16, IRI (4712837); Ahtahkakoop 104, IRI (4716860); Saulteaux 159A, IRI (4716861); Sweet Grass 113-L6, IRI (4716892); Moosomin 112B, IRI (4717812); Saulteaux 159, IRI (4717813)"
Saskatchewan,Beardy's and Okemasis First Nation,"Beardy's and Okemasis 96 and 97A, IRI (4710828); Beardy's 97 and Okemasis 96, IRI (4715845); Beardy's and Okemasis 96 and 97B, IRI (4715859)"
Saskatchewan,Big Island Lake Cree Nation,"Big Island Lake Cree Territory, IRI (4717811)"
Saskatchewan,Big River First Nation,"Big River 118, IRI (4716858)"
Saskatchewan,Birch Narrows First Nation,"Turnor Lake 193B, IRI (4718819)"
Saskatchewan,Black Lake Denesuline First Nation,"Chicken 225, IRI (4718823); Chicken 224, IRI (4718828)"
Saskatchewan,Buffalo River Dene Nation,"Buffalo River Dene Nation 193 (Peter Pond Lake 193), IRI (4718818)"
Saskatchewan,Canoe Lake Cree First Nation,"Eagles Lake 165C, IRI (4717816); Canoe Lake 165, IRI (4718817)"
Saskatchewan,Carry The Kettle Nakoda Nation,"Assiniboine 76, IRI (4706810); Treaty Four Reserve Grounds 77, IRI (4706829)"
Saskatchewan,Clearwater River Dene,"Clearwater River Dene Band 223, IRI (4718829); Clearwater River Dene 222, IRI (4718839)"
Saskatchewan,Cote First Nation,"Treaty Four Reserve Grounds 77, IRI (4706829); Cote 64, IRI (4709819)"
Saskatchewan,Cowessess First Nation,"Cowessess 73, IRI (4705803); Treaty Four Reserve Grounds 77, IRI (4706829)"
Saskatchewan,Cumberland House Cree Nation,"Cumberland House Cree Nation 20, IRI (4718801)"
Saskatchewan,Day Star First Nation,"Treaty Four Reserve Grounds 77, IRI (4706829); Day Star 87, IRI (4710824)"
Saskatchewan,English River First Nation,"La Plonge 192, IRI (4718807); Wapachewunak 192D, IRI (4718814)"
Saskatchewan,File Hills Qu'appelle Tribal Council Inc.,"Piapot Cree First Nation 75H, IRI (4702800); Wood Mountain 160, IRI (4703801); Nekaneet Cree Nation, IRI (4704802); Piapot 75, IRI (4706809); Assiniboine 76, IRI (4706810); Standing Buffalo 78, IRI (4706811); Pasqua 79, IRI (4706812); Muscowpetung 80, IRI (4706813); Little Black Bear 84, IRI (4706814); Okanese 82, IRI (4706815); Peepeekisis 81, IRI (4706816); Star Blanket 83, IRI (4706818); Wa-Pii Moos-Toosis (White Calf) 83A, IRI (4706820); Star Blanket 83C, IRI (4706828); Treaty Four Reserve Grounds 77, IRI (4706829)"
Saskatchewan,Fishing Lake First Nation,"Treaty Four Reserve Grounds 77, IRI (4706829); Fishing Lake 89, IRI (4710826); Fishing Lake 89A, IRI (4710854)"
Saskatchewan,Flying Dust First Nation,"Flying Dust First Nation 105 (Meadow Lake 105), IRI (4717805); Meadow Lake 105A, IRI (4717819)"
Saskatchewan,Fond Du Lac Denesuline First Nation,"Fond du Lac 227, IRI (4718824)"
Saskatchewan,George Gordon First Nation,"Treaty Four Reserve Grounds 77, IRI (4706829); Gordon 86, IRI (4710823)"
Saskatchewan,Hatchet Lake Denesuline Nation,"Lac La Hache 220, IRI (4718832)"
Saskatchewan,James Smith Cree Nation,"James Smith 100, IRI (4715849); Cumberland 100A, IRI (4715850)"
Saskatchewan,Kahkewistahaw First Nation,"Kahkewistahaw 72, IRI (4705804); Treaty Four Reserve Grounds 77, IRI (4706829)"
Saskatchewan,Kawacatoose First Nation,"Treaty Four Reserve Grounds 77, IRI (4706829); Poorman 88, IRI (4710825)"
Saskatchewan,Keeseekoose First Nation,"Treaty Four Reserve Grounds 77, IRI (4706829); Keeseekoose 66, IRI (4709820); Keeseekoose 66A, IRI (4709822); Keeseekoose 66-CA-04, IRI (4709824); Keeseekoose 66-CA-05, IRI (4709826); Keeseekoose 66-CA-06, IRI (4709828); Keeseekoose 66-KE-04, IRI (4709830); Keeseekoose 66-KE-05, IRI (4709832)"
Saskatchewan,Kinistin Saulteaux Nation,"Treaty Four Reserve Grounds 77, IRI (4706829); Kinistin 91, IRI (4714842)"
Saskatchewan,Lac La Ronge Indian Band,"Little Red River 106C, IRI (4715851); Little Red River 106D, IRI (4716857); Stanley 157, IRI (4718803); Morin Lake 217, IRI (4718808); Lac La Ronge 156, IRI (4718809); Sucker River 156C (Nemebien River 156C), IRI (4718811); Kitsakie 156B, IRI (4718812); Four Portages 157C, IRI (4718813); Brabant Lake, S-É (4718825); Grandmother's Bay 219, IRI (4718831); Little Hills 158, IRI (4718844); Little Hills 158B, IRI (4718849)"
Saskatchewan,Little Black Bear First Nation,"Little Black Bear 84, IRI (4706814); Treaty Four Reserve Grounds 77, IRI (4706829)"
Saskatchewan,Little Pine First Nation,"Little Pine 116, IRI (4713836); Min-A-He-Quo-Sis 116C, IRI (4717825)"
Saskatchewan,Makwa Sahgaiehcan First Nation,"Makwa Lake 129B, IRI (4717807); Makwa Lake 129, IRI (4717808); Makwa Lake 129C, IRI (4717815)"
Saskatchewan,Meadow Lake Tribal Council,"Flying Dust First Nation 105 (Meadow Lake 105), IRI (4717805); Waterhen 130, IRI (4717806); Makwa Lake 129B, IRI (4717807); Makwa Lake 129, IRI (4717808); Ministikwan 161, IRI (4717809); Ministikwan 161A, IRI (4717810); Makwa Lake 129C, IRI (4717815); Eagles Lake 165C, IRI (4717816); Meadow Lake 105A, IRI (4717819); La Plonge 192, IRI (4718807); Wapachewunak 192D, IRI (4718814); Canoe Lake 165, IRI (4718817); Buffalo River Dene Nation 193 (Peter Pond Lake 193), IRI (4718818); Turnor Lake 193B, IRI (4718819); Clearwater River Dene Band 223, IRI (4718829); Clearwater River Dene 222, IRI (4718839)"
Saskatchewan,Ministikwan Lake Cree Nation,"Ministikwan 161, IRI (4717809); Ministikwan 161A, IRI (4717810)"
Saskatchewan,Mistawasis First Nation,"Mistawasis 103, IRI (4716855)"
Saskatchewan,Montreal Lake Cree Nation,"Montreal Lake 106B, IRI (4715853); Montreal Lake 106, IRI (4718802)"
Saskatchewan,Moosomin First Nation,"Moosomin 112B, IRI (4717812)"
Saskatchewan,"Mosquito, Grizzly Bear's Head, Lean Man First Nation","Mosquito 109, IRI (4712830); Grizzly Bear's Head 110 and Lean Man 111, IRI (4712832)"
Saskatchewan,Muscowpetung First Nation,"Muscowpetung 80, IRI (4706813); Treaty Four Reserve Grounds 77, IRI (4706829)"
Saskatchewan,Muskeg Lake Cree Nation,"Muskeg Lake Cree Nation 102, IRI (4716854); Muskeg Lake 102B, IRI (4716872); Muskeg Lake 102E, IRI (4716886); Muskeg Lake 102F, IRI (4716888); Muskeg Lake 102G, IRI (4716890); Muskeg Lake 102D, IRI (4716891)"
Saskatchewan,Muskoday First Nation,"Muskoday First Nation, IRI (4715847)"
Saskatchewan,Muskowekwan First Nation,"Treaty Four Reserve Grounds 77, IRI (4706829); Muskowekwan 85, IRI (4710822); Muskowekwan 85-17, IRI (4710832); Muskowekwan 85-26, IRI (4710834); Muskowekwan 85-33, IRI (4710836); Muskowekwan 85-28, IRI (4710838); Muskowekwan 85-29, IRI (4710840); Muskowekwan 85-23, IRI (4710842); Muskowekwan 85-12, IRI (4710843); Muskowekwan 85-24, IRI (4710844); Muskowekwan 85-22, IRI (4710845); Muskowekwan 85-27, IRI (4710846); Muskowekwan 85-10, IRI (4710847); Muskowekwan 85-1, IRI (4710848); Muskowekwan 85-8, IRI (4710849); Muskowekwan 85-15, IRI (4710850); Muskowekwan 85-2A, IRI (4710851); Muskowekwan 85-31, IRI (4710852)"
Saskatchewan,Nekaneet First Nation,"Nekaneet Cree Nation, IRI (4704802); Treaty Four Reserve Grounds 77, IRI (4706829)"
Saskatchewan,Northwest Professional Services Corp.,"Poundmaker 114, IRI (4713835); Little Pine 116, IRI (4713836); Lucky Man, IRI (4716870); Min-A-He-Quo-Sis 116C, IRI (4717825)"
Saskatchewan,Ocean Man First Nation,"Ocean Man 69, IRI (4701809); Ocean Man 69A, IRI (4701810); Ocean Man 69C, IRI (4701812); Ocean Man 69E, IRI (4701813); Ocean Man 69F, IRI (4701814); Ocean Man 69G, IRI (4701815); Ocean Man 69I, IRI (4701816); Ocean Man 69H, IRI (4701817); Ocean Man 69D, IRI (4701818); Treaty Four Reserve Grounds 77, IRI (4706829)"
Saskatchewan,Ochapowace First Nation,"Ochapowace 71, IRI (4705806); Ochapowace 71-10, IRI (4705814); Ochapowace 71-54, IRI (4705818); Ochapowace 71-26, IRI (4705821); Ochapowace 71-70, IRI (4705822); Ochapowace 71-7, IRI (4705823); Ochapowace 71-18, IRI (4705824); Ochapowace 71-51, IRI (4705825); Ochapowace 71-44, IRI (4705826); Treaty Four Reserve Grounds 77, IRI (4706829)"
Saskatchewan,Okanese First Nation,"Okanese 82, IRI (4706815); Treaty Four Reserve Grounds 77, IRI (4706829)"
Saskatchewan,One Arrow First Nation,"One Arrow 95, IRI (4715844); One Arrow 95-1C, IRI (4715857); One Arrow 95-1D, IRI (4715861); One Arrow 95-1A, IRI (4715862)"
Saskatchewan,Onion Lake Cree Nation,"Seekaskootch 119, IRI (4717801); Makaoo (Part) 120, IRI (4717802); Onion Lake 119-1, IRI (4717820); Makaoo (Part) 120, IRI (4810805)"
Saskatchewan,PADC Management Company Ltd.,"Shoal Lake 28A, IRI (4714839); Red Earth 29, IRI (4714840); Carrot River 29A, IRI (4714845); Wahpaton 94A, IRI (4715848); James Smith 100, IRI (4715849); Cumberland 100A, IRI (4715850); Little Red River 106C, IRI (4715851); Montreal Lake 106B, IRI (4715853); Sturgeon Lake 101, IRI (4716856); Little Red River 106D, IRI (4716857); Cumberland House Cree Nation 20, IRI (4718801); Montreal Lake 106, IRI (4718802); Stanley 157, IRI (4718803); Wapaskokimaw 202, IRI (4718806); Morin Lake 217, IRI (4718808); Lac La Ronge 156, IRI (4718809); Sucker River 156C (Nemebien River 156C), IRI (4718811); Kitsakie 156B, IRI (4718812); Four Portages 157C, IRI (4718813); Pelican Narrows 184B, IRI (4718820); Sturgeon Weir 184F, IRI (4718821); Southend 200, IRI (4718822); Chicken 225, IRI (4718823); Fond du Lac 227, IRI (4718824); Brabant Lake, S-É (4718825); Southend No. 200A, IRI (4718826); Chicken 224, IRI (4718828); Grandmother's Bay 219, IRI (4718831); Lac La Hache 220, IRI (4718832); Little Hills 158, IRI (4718844); Little Hills 158B, IRI (4718849); Kimosom Pwatinahk 203 (Deschambault Lake), IRI (4718852); Kinoosao-Thomas Clark 204, IRI (4718854)"
Saskatchewan,Pasqua First Nation,"Pasqua 79, IRI (4706812); Treaty Four Reserve Grounds 77, IRI (4706829)"
Saskatchewan,Peepeekisis Cree Nation,"Peepeekisis 81, IRI (4706816); Treaty Four Reserve Grounds 77, IRI (4706829)"
Saskatchewan,Pelican Lake First Nation,"Chitek Lake 191, IRI (4716863); Pelican Lake 191B, IRI (4716880); Pelican Lake 191A, IRI (4716894)"
Saskatchewan,Peter Ballantyne Cree Nation,"Wapaskokimaw 202, IRI (4718806); Pelican Narrows 184B, IRI (4718820); Sturgeon Weir 184F, IRI (4718821); Southend 200, IRI (4718822); Southend No. 200A, IRI (4718826); Kimosom Pwatinahk 203 (Deschambault Lake), IRI (4718852); Kinoosao-Thomas Clark 204, IRI (4718854)"
Saskatchewan,Pheasant Rump Nakota Nation,"Pheasant Rump Nakota 68, IRI (4701819); Treaty Four Reserve Grounds 77, IRI (4706829)"
Saskatchewan,Piapot First Nation,"Piapot Cree First Nation 75H, IRI (4702800); Piapot 75, IRI (4706809); Treaty Four Reserve Grounds 77, IRI (4706829)"
Saskatchewan,Poundmaker Cree Nation,"Poundmaker 114, IRI (4713835)"
Saskatchewan,Red Earth First Nation,"Red Earth 29, IRI (4714840); Carrot River 29A, IRI (4714845)"
Saskatchewan,Red Pheasant First Nation,"Red Pheasant 108, IRI (4712829)"
Saskatchewan,Sakimay First Nations,"Sakimay 74, IRI (4705805); Shesheep 74A, IRI (4705807); Little Bone 74B, IRI (4705808); Treaty Four Reserve Grounds 77, IRI (4706829)"
Saskatchewan,Saskatoon Tribal Council,"Treaty Four Reserve Grounds 77, IRI (4706829); Whitecap, IRI (4711828); Yellowquill 90, IRI (4714841); Kinistin 91, IRI (4714842); Yellow Quill 90-9, IRI (4714843); One Arrow 95, IRI (4715844); Muskoday First Nation, IRI (4715847); One Arrow 95-1C, IRI (4715857); One Arrow 95-1D, IRI (4715861); One Arrow 95-1A, IRI (4715862); Muskeg Lake Cree Nation 102, IRI (4716854); Mistawasis 103, IRI (4716855); Muskeg Lake 102B, IRI (4716872); Muskeg Lake 102E, IRI (4716886); Muskeg Lake 102F, IRI (4716888); Muskeg Lake 102G, IRI (4716890); Muskeg Lake 102D, IRI (4716891)"
Saskatchewan,Saulteaux First Nation (SK),"Saulteaux 159A, IRI (4716861); Saulteaux 159, IRI (4717813)"
Saskatchewan,Shoal Lake Cree Nation,"Shoal Lake 28A, IRI (4714839)"
Saskatchewan,Standing Buffalo Dakota Nation,"Standing Buffalo 78, IRI (4706811)"
Saskatchewan,Star Blanket Cree Nation,"Star Blanket 83, IRI (4706818); Wa-Pii Moos-Toosis (White Calf) 83A, IRI (4706820); Star Blanket 83C, IRI (4706828); Treaty Four Reserve Grounds 77, IRI (4706829)"
Saskatchewan,Sturgeon Lake First Nation,"Sturgeon Lake 101, IRI (4716856)"
Saskatchewan,Sweetgrass First Nation,"Sweet Grass 113, IRI (4712833); Sweet Grass 113-M16, IRI (4712837); Sweet Grass 113-L6, IRI (4716892)"
Saskatchewan,The Key First Nation,"Treaty Four Reserve Grounds 77, IRI (4706829); The Key 65, IRI (4709821)"
Saskatchewan,Thunderchild First Nation,"Thunderchild First Nation 115B, IRI (4717803); Thunderchild First Nation 115C, IRI (4717804)"
Saskatchewan,Touchwood Agency Tribal Council Inc.,"Treaty Four Reserve Grounds 77, IRI (4706829); Muskowekwan 85, IRI (4710822); Gordon 86, IRI (4710823); Day Star 87, IRI (4710824); Poorman 88, IRI (4710825); Muskowekwan 85-17, IRI (4710832); Muskowekwan 85-26, IRI (4710834); Muskowekwan 85-33, IRI (4710836); Muskowekwan 85-28, IRI (4710838); Muskowekwan 85-29, IRI (4710840); Muskowekwan 85-23, IRI (4710842); Muskowekwan 85-12, IRI (4710843); Muskowekwan 85-24, IRI (4710844); Muskowekwan 85-22, IRI (4710845); Muskowekwan 85-27, IRI (4710846); Muskowekwan 85-10, IRI (4710847); Muskowekwan 85-1, IRI (4710848); Muskowekwan 85-8, IRI (4710849); Muskowekwan 85-15, IRI (4710850); Muskowekwan 85-2A, IRI (4710851); Muskowekwan 85-31, IRI (4710852)"
Saskatchewan,Wahpeton Dakota Nation,"Wahpaton 94A, IRI (4715848)"
Saskatchewan,Waterhen Lake First Nation,"Waterhen 130, IRI (4717806)"
Saskatchewan,White Bear First Nation,"White Bear 70, IRI (4701808); Treaty Four Reserve Grounds 77, IRI (4706829)"
Saskatchewan,Whitecap Dakota First Nation,"Whitecap, IRI (4711828)"
Saskatchewan,Witchekan Lake First Nation,"Witchekan Lake 117, IRI (4716862); Witchekan Lake 117D, IRI (4716882)"
Saskatchewan,Yellow Quill First Nation,"Treaty Four Reserve Grounds 77, IRI (4706829); Yellowquill 90, IRI (4714841); Yellow Quill 90-9, IRI (4714843)"
Saskatchewan,Yorkton Tribal Administration Inc.,"Ocean Man 69, IRI (4701809); Ocean Man 69A, IRI (4701810); Ocean Man 69C, IRI (4701812); Ocean Man 69E, IRI (4701813); Ocean Man 69F, IRI (4701814); Ocean Man 69G, IRI (4701815); Ocean Man 69I, IRI (4701816); Ocean Man 69H, IRI (4701817); Ocean Man 69D, IRI (4701818); Kahkewistahaw 72, IRI (4705804); Sakimay 74, IRI (4705805); Shesheep 74A, IRI (4705807); Little Bone 74B, IRI (4705808); Treaty Four Reserve Grounds 77, IRI (4706829); Cote 64, IRI (4709819); Keeseekoose 66, IRI (4709820); The Key 65, IRI (4709821); Keeseekoose 66A, IRI (4709822); Keeseekoose 66-CA-04, IRI (4709824); Keeseekoose 66-CA-05, IRI (4709826); Keeseekoose 66-CA-06, IRI (4709828); Keeseekoose 66-KE-04, IRI (4709830); Keeseekoose 66-KE-05, IRI (4709832)"
Alberta,Alexander First Nation,"Alexander 134, IRI (4811805)"
Alberta,Alexis Nakota Sioux Nation,"Alexis 133, IRI (4813811)"
Alberta,Athabasca Tribal Council Ltd.,"Janvier 194, IRI (4816817); Gregoire Lake 176, IRI (4816821); Gregoire Lake 176A, IRI (4816822); Chipewyan 201A, IRI (4816831); Old Fort 217, IRI (4816849); Allison Bay 219, IRI (4816850); Dog Head 218, IRI (4816852); Fort Mackay, S-É (4816859)"
Alberta,Beaver First Nation,"Boyer 164, IRI (4817842); Child Lake 164A, IRI (4817843)"
Alberta,Beaver Lake Cree Nation,"Beaver Lake 131, IRI (4812828)"
Alberta,Bigstone Cree Nation,"Jean Baptiste Gambler 183, IRI (4817817); Wabasca 166, IRI (4817818); Wabasca 166A, IRI (4817819); Wabasca 166B, IRI (4817821); Wabasca 166C, IRI (4817822); Wabasca 166D, IRI (4817823); Desmarais, S-É (4817855)"
Alberta,Blood Tribe,"Blood 148, IRI (4803802); Blood 148A, IRI (4803803)"
Alberta,Chipewyan Prairie First Nation,"Janvier 194, IRI (4816817)"
Alberta,Cold Lake First Nations,"Cold Lake 149, IRI (4812810); Cold Lake 149A, IRI (4812813); Cold Lake 149B, IRI (4812815)"
Alberta,Dene Tha' First Nation,"Hay Lake 209, IRI (4817845); Bushe River 207, IRI (4817848); Upper Hay River 212, IRI (4817849)"
Alberta,Driftpile First Nation,"Drift Pile River 150, IRI (4817828)"
Alberta,Duncan's First Nation,"Duncan's 151A, IRI (4819826)"
Alberta,Enoch Cree Nation,"Stony Plain 135, IRI (4811804)"
Alberta,Ermineskin Tribe,"Ermineskin 138, IRI (4811801); Pigeon Lake 138A, IRI (4811802)"
Alberta,Fort McKay First Nation,"Fort Mackay, S-É (4816859)"
Alberta,Fort McMurray #468 First Nation,"Gregoire Lake 176, IRI (4816821); Gregoire Lake 176A, IRI (4816822)"
Alberta,Frog Lake First Nation,"Unipouheos 121, IRI (4812802); Puskiakiwenin 122, IRI (4812804)"
Alberta,Heart Lake First Nation,"Heart Lake 167, IRI (4812840)"
Alberta,Horse Lake First Nation,"Clear Hills 152C, IRI (4817825); Horse Lakes 152B, IRI (4819815)"
Alberta,Kapawe'no First Nation,"Kapawe'no First Nation (Pakashan 150D), IRI (4817830); Kapawe'no First Nation (Freeman 150B), IRI (4817836)"
Alberta,Kee Tas Kee Now Tribal Council,"Utikoomak Lake 155, IRI (4817824); Utikoomak Lake 155A, IRI (4817827); Little Buffalo, S-É (4817853); Woodland Cree 226, IRI (4817856); Woodland Cree 228, IRI (4817857); Loon Lake 235, IRI (4817860)"
Alberta,Kehewin Cree Nation,"Kehewin 123, IRI (4812811)"
Alberta,Lesser Slave Lake Indian Regional Council,"Drift Pile River 150, IRI (4817828); Sucker Creek 150A, IRI (4817829); Kapawe'no First Nation (Pakashan 150D), IRI (4817830); Swan River 150E, IRI (4817831); Sawridge 150G, IRI (4817832); Sawridge 150H, IRI (4817833); Kapawe'no First Nation (Freeman 150B), IRI (4817836)"
Alberta,Little Red River Cree Nation,"Fox Lake 162, IRI (4817835); John d'Or Prairie 215, IRI (4817837)"
Alberta,Loon River First Nation,"Loon Lake 235, IRI (4817860)"
Alberta,Louis Bull Tribe,"Pigeon Lake 138A, IRI (4811802); Louis Bull 138B, IRI (4811803)"
Alberta,Lubicon Lake,"Little Buffalo, S-É (4817853)"
Alberta,Mikisew Cree First Nation,"Old Fort 217, IRI (4816849); Allison Bay 219, IRI (4816850); Dog Head 218, IRI (4816852)"
Alberta,Montana First Nation,"Montana 139, IRI (4808813); Pigeon Lake 138A, IRI (4811802)"
Alberta,North Peace Tribal Council,"Fox Lake 162, IRI (4817835); John d'Or Prairie 215, IRI (4817837); Tall Cree 173, IRI (4817838); Tall Cree 173A, IRI (4817840); Beaver Ranch 163, IRI (4817841); Boyer 164, IRI (4817842); Child Lake 164A, IRI (4817843); Hay Lake 209, IRI (4817845); Bushe River 207, IRI (4817848); Upper Hay River 212, IRI (4817849); Carcajou 187, S-É (4817854); Fort Vermilion 173B, IRI (4817859)"
Alberta,O'Chiese,"O'Chiese 203, IRI (4809806)"
Alberta,Paul First Nation,"Wabamun 133A, IRI (4811806); Wabamun 133B, IRI (4811807)"
Alberta,Piikani Nation,"Piikani 147, IRI (4803801)"
Alberta,Saddle Lake Cree Nation,"Saddle Lake 125, IRI (4812806); White Fish Lake 128, IRI (4812808)"
Alberta,Samson Cree Nation,"Samson 137, IRI (4808811); Samson 137A, IRI (4808812); Pigeon Lake 138A, IRI (4811802)"
Alberta,Siksika Nation,"Siksika 146, IRI (4805802)"
Alberta,Smith's Landing First Nation,"Thebathi 196, IRI (4816860); Thabacha Náre 196A, IRI (4816861)"
Alberta,Stoney Tribe,"Eden Valley 216, IRI (4806803); Big Horn 144A, IRI (4809810); Stoney 142, 143, 144, IRI (4815802)"
Alberta,Sturgeon Lake Cree Nation,"Sturgeon Lake 154, IRI (4818816); Sturgeon Lake 154A, IRI (4818818)"
Alberta,Sucker Creek,"Sucker Creek 150A, IRI (4817829)"
Alberta,Sunchild First Nation,"Sunchild 202, IRI (4809809)"
Alberta,Swan River First Nation,"Swan River 150E, IRI (4817831)"
Alberta,Tallcree First Nation,"Tall Cree 173, IRI (4817838); Tall Cree 173A, IRI (4817840); Beaver Ranch 163, IRI (4817841); Carcajou 187, S-É (4817854); Fort Vermilion 173B, IRI (4817859)"
Alberta,Treaty 7 Management Corporation,"Piikani 147, IRI (4803801); Blood 148, IRI (4803802); Blood 148A, IRI (4803803); Siksika 146, IRI (4805802); Eden Valley 216, IRI (4806803); Tsuu T'ina Nation 145 (Sarcee 145), IRI (4806804); Big Horn 144A, IRI (4809810); Stoney 142, 143, 144, IRI (4815802)"
Alberta,Tribal Chiefs Ventures Inc.,"Unipouheos 121, IRI (4812802); Puskiakiwenin 122, IRI (4812804); White Fish Lake 128, IRI (4812808); Cold Lake 149, IRI (4812810); Kehewin 123, IRI (4812811); Cold Lake 149A, IRI (4812813); Cold Lake 149B, IRI (4812815); Beaver Lake 131, IRI (4812828); Heart Lake 167, IRI (4812840)"
Alberta,Tsuut'ina Nation,"Tsuu T'ina Nation 145 (Sarcee 145), IRI (4806804)"
Alberta,Western Cree Tribal Council,"Clear Hills 152C, IRI (4817825); Sturgeon Lake 154, IRI (4818816); Sturgeon Lake 154A, IRI (4818818); Horse Lakes 152B, IRI (4819815); Duncan's 151A, IRI (4819826)"
Alberta,Whitefish Lake,"Utikoomak Lake 155, IRI (4817824); Utikoomak Lake 155A, IRI (4817827)"
Alberta,Woodland Cree First Nation,"Woodland Cree 226, IRI (4817856); Woodland Cree 228, IRI (4817857)"
Alberta,Yellowhead Tribal Development Foundation,"O'Chiese 203, IRI (4809806); Sunchild 202, IRI (4809809); Alexander 134, IRI (4811805); Alexis 133, IRI (4813811)"
British Columbia,?Akisq'nuk First Nation,"Columbia Lake 3, IRI (5901804)"
British Columbia,?aq'am,"Isidore's Ranch 4, IRI (5901802); Kootenay 1, IRI (5901803); Cassimayooks (Mayook) 5, IRI (5901805)"
British Columbia,Adams Lake,"Sahhaltkum 4, IRI (5933884); Squaam 2, IRI (5933889); Hustalen 1, IRI (5939802); Switsemalph, IRI (5939811)"
British Columbia,Ahousaht,"Marktosis 15, IRI (5923808)"
British Columbia,Alexis Creek,"Alexis Creek 14, IRI (5941817); Alexis Creek 16, IRI (5941818); Charley Boy's Meadow 3, IRI (5941827); Puntzi Lake 2, IRI (5941838); Redstone Flat 1, IRI (5941839); Agats Meadow 8, IRI (5941844); Alexis Creek 21, IRI (5941848); Alexis Creek 34, IRI (5941856); Michel Gardens 36, IRI (5941879)"
British Columbia,Ashcroft,"Ashcroft 4, IRI (5933844); 105 Mile Post 2, IRI (5933845)"
British Columbia,Blueberry River First Nations,"Blueberry River 205, IRI (5955803)"
British Columbia,Bonaparte,"Bonaparte 3, IRI (5933812); Lower Hat Creek 2, IRI (5933836); Upper Hat Creek 1, IRI (5933875)"
British Columbia,Boothroyd,"Inkahtsaph 6, IRI (5909805); Speyum 3, IRI (5909815); Kahmoose 4, IRI (5909819); Boothroyd 13, IRI (5909850); Boothroyd 8A (Part), IRI (5933897)"
British Columbia,Boston Bar,"Kopchitchin 2, IRI (5909806); Tuckkwiowhum 1, IRI (5909817); Boston Bar 1A, IRI (5909836); Bucktum 4, IRI (5909847)"
British Columbia,Bridge River,"Bridge River 1, IRI (5931813)"
British Columbia,Canim Lake,"Canim Lake 1, IRI (5941802); Canim Lake 4, IRI (5941803); Canim Lake 2, IRI (5941813)"
British Columbia,Carrier Chilcotin Tribal Council,"Quesnel 1, IRI (5941809); Kluskus 1, IRI (5941833); Louis Squinas Ranch 14, IRI (5941834); Squinas 2, IRI (5941840); Thomas Squinas Ranch 2A, IRI (5941845); Baptiste Meadow 2, IRI (5941849); Toosey 1, IRI (5941850); Towdystan Lake 3, IRI (5941851); Ulkatcho 13, IRI (5941854); Cahoose 10, IRI (5941858); Blackwater Meadow 11, IRI (5941859); Cahoose 12, IRI (5941860); Betty Creek 18, IRI (5941861); Salmon River Meadow 7, IRI (5941862); Tzetzi Lake 11, IRI (5941863); Sundayman's Meadow 3, IRI (5941864); Fishtrap 19, IRI (5941871); Ulkatcho 14A, IRI (5941880)"
British Columbia,Carrier-Sekani Tribal Council,"Nautley (Fort Fraser) 1, IRI (5951802); Nak'azdli (Necoslie 1), IRI (5951803); Sowchea 3, IRI (5951804); Binche 2 (Pinchie 2), IRI (5951805); Seaspunkut 4, IRI (5951806); Stellaquo (Stella) 1, IRI (5951807); Stony Creek 1, IRI (5951809); Tache 1, IRI (5951810); Tacla Lake (Ferry Landing) 9, IRI (5951811); Laketown 3, IRI (5951813); Dzitline Lee 9, IRI (5951814); Burns Lake 18, IRI (5951815); Palling 1, IRI (5951820); Duncan Lake 2, IRI (5951821); Tatla West 11, IRI (5951825); Williams Prairie Meadow 1A, IRI (5951840); Poison Creek 17A, IRI (5951844); North Tacla Lake, IRI (5951848); Mission Lands 17, IRI (5951849)"
British Columbia,Cayoose Creek,"Cayoosh Creek 1, IRI (5931814); Pashilqua 2, IRI (5931828)"
British Columbia,Chawathil,"Chawathil 4, IRI (5909804); Schkam 2, IRI (5909812)"
British Columbia,Cheam,"Tseatah 2, IRI (5909834); Cheam 1, IRI (5909837)"
British Columbia,Cheslatta Carrier Nation,"Cheslatta 1, IRI (5951818)"
British Columbia,Coldwater,"Coldwater 1, IRI (5933801); Paul's Basin 2, IRI (5933809)"
British Columbia,Cook's Ferry,"Chuchhraischin, IRI (5933810); Basque 18, IRI (5933828); Kumcheen 1, IRI (5933834); Peq-Paq 22, IRI (5933837); Pemynoos 9, IRI (5933857); Kloklowuck 7, IRI (5933861); Spences Bridge, IRI (5933881); Shawniken 4B, IRI (5933895)"
British Columbia,Council of Kaska Chiefs,"Fort Ware 1, IRI (5955807); Good Hope Lake, S-É (5957804); Lower Post, S-É (5957813); Liard River 3, IRI (5957814); Upper Liard, SÉ (6001032); Two Mile and Two and One-Half Mile Village, S-É (6001035); Ross River, SÉ (6001037)"
British Columbia,Cowichan Tribes,"Kil-pah-las 3, IRI (5919808); Theik 2, IRI (5919818); Est-Patrolas 4, IRI (5919820); Tzart-Lam 5, IRI (5919821); Cowichan, IRI (5919822)"
British Columbia,Ditidaht,"Malachan 11, IRI (5919814)"
British Columbia,Doig River,"Doig River 206, IRI (5955804)"
British Columbia,Dzawada'enuxw,"Quaee 7, IRI (5943813)"
British Columbia,Ehattesaht,"Chenahkint 12, IRI (5924805); Ehatis 11, IRI (5924836)"
British Columbia,Esk'etemc,"Alkali Lake 1, IRI (5941801); Johny Sticks 2, IRI (5941811); Windy Mouth 7, IRI (5941855); Sandy Harry 4, IRI (5941868); Swan Lake 3, IRI (5941872); Alkali Lake 4A, IRI (5941873); Little Springs, IRI (5941885)"
British Columbia,Fort Nelson First Nation,"Fontas 1, IRI (5959805); Fort Nelson 2, IRI (5959806); Kahntah 3, IRI (5959809)"
British Columbia,Fraser Thompson Indian Services Society,"Inkahtsaph 6, IRI (5909805); Kopchitchin 2, IRI (5909806); Saddle Rock 9, IRI (5909809); Speyum 3, IRI (5909815); Spuzzum 1, IRI (5909816); Tuckkwiowhum 1, IRI (5909817); Kahmoose 4, IRI (5909819); Boston Bar 1A, IRI (5909836); Bucktum 4, IRI (5909847); Boothroyd 13, IRI (5909850); Nesikep 6, IRI (5931827); Halhalaeden, IRI (5933813); Kitzowit 20, IRI (5933823); Skuppah 2A, IRI (5933824); Inklyuhkinatko 2, IRI (5933825); Klahkamich 17, IRI (5933829); Kleetlekut 22, IRI (5933831); Klickkumcheen 18, IRI (5933832); Inkluckcheen, IRI (5933833); Lytton 4A, IRI (5933839); Lytton 4E, IRI (5933840); Lytton 9A, IRI (5933841); Lytton 9B, IRI (5933842); Oregon Jack Creek 5, IRI (5933846); Nickel Palm 4, IRI (5933848); Nickeyeah 25, IRI (5933850); Nohomeen 23, IRI (5933852); Nuuautin 2, IRI (5933853); Paska Island 3, IRI (5933854); Papyum 27, IRI (5933855); Seah 5, IRI (5933858); Skuppah 4, IRI (5933865); Skwayaynope 26, IRI (5933866); Spintlum Flat 3, IRI (5933868); Nkaih 10, IRI (5933870); Stryen 9, IRI (5933873); Tsaukan 12, IRI (5933874); Upper Nepa 6, IRI (5933876); Yawaucht 11, IRI (5933878); Boothroyd 8A (Part), IRI (5933897)"
British Columbia,Gingolx Village Government,"Gingolx, NVL (590276)"
British Columbia,Gitanmaax,"Gitanmaax 1, IRI (5949812)"
British Columbia,Gitanyow,"Gitanyow 1, IRI (5949815)"
British Columbia,Gitga'at First Nation,"Kulkayu (Hartley Bay) 4, IRI (5947806)"
British Columbia,Gitksan Local Services Society,"Gitanmaax 1, IRI (5949812); Kispiox 1, IRI (5949813); Gitanyow 1, IRI (5949815); Sik-e-dakh 2, IRI (5949818)"
British Columbia,Gitlaxt'aamix Village Government (New Aiyansh),"Aiyansh (Kitladamas) 1, NVL (590277); New Aiyansh, NVL (590278)"
British Columbia,Gitsegukla,"Gitsegukla 1, IRI (5949814)"
British Columbia,Gitwangak,"Gitwangak 1, IRI (5949816)"
British Columbia,Gitwinksihlkw,"Gitwinksihlkw, NVL (590275)"
British Columbia,Gitxaala Nation,"Dolphin Island 1, IRI (5947807)"
British Columbia,Glen Vowell,"Sik-e-dakh 2, IRI (5949818)"
British Columbia,Gwa'sala-Nakwaxda'xw Band,"Tsulquate 4, IRI (5943806)"
British Columbia,Hagwilget Village,"Hagwilget 1, IRI (5949811)"
British Columbia,Haisla Nation,"Kitamaat 2, IRI (5949803)"
British Columbia,Halalt,"Halalt 2, IRI (5919801)"
British Columbia,Halfway River First Nation,"Halfway River 168, IRI (5955808)"
British Columbia,Heiltsuk,"Bella Bella 1, IRI (5945801)"
British Columbia,Hesquiaht,"Hesquiat 1, IRI (5923806); Refuge Cove 6, IRI (5923824)"
British Columbia,Homalco,"Homalco 9, IRI (5924840)"
British Columbia,Hupacasath First Nation,"Ahahswinis 1, IRI (5923801); Klehkoot 2, IRI (5923822)"
British Columbia,Huu-ay-aht First Nations,"Anacla 12, IRI (5923803); Numukamis 1, IRI (5923809); Sachsa 4, IRI (5923814)"
British Columbia,Iskut,"Iskut 6, IRI (5949832)"
British Columbia,Ka:'yu:'k't'h'/Che:k:tles7et'h' First Nations,"Houpsitas 6, IRI (5924806); Village Island 1, IRI (5924813)"
British Columbia,Kanaka Bar,"Kanaka Bar, IRI (5933882); Nekliptum 1, IRI (5933896)"
British Columbia,Katzie,"Barnston Island 3, IRI (5915809); Katzie 2, IRI (5915813); Katzie 1, IRI (5915830)"
British Columbia,Kispiox,"Kispiox 1, IRI (5949813)"
British Columbia,Kitasoo,"Kitasoo 1, IRI (5949802)"
British Columbia,Kitselas,"Kshish 4, IRI (5949805); Kulspai 6, IRI (5949807); Kitselas 1, IRI (5949844)"
British Columbia,Kitsumkalum,"Kitsumkaylum 1, IRI (5949804)"
British Columbia,Klahoose First Nation,"Squirrel Cove 8, IRI (5924818); Tork 7, IRI (5924820)"
British Columbia,K'ómoks First Nation,"Comox 1, IRI (5926801); Pentledge 2, IRI (5926802)"
British Columbia,Ktunaxa Nation Council Society,"Tobacco Plains 2, IRI (5901801); Isidore's Ranch 4, IRI (5901802); Kootenay 1, IRI (5901803); Columbia Lake 3, IRI (5901804); Cassimayooks (Mayook) 5, IRI (5901805); Creston 1, IRI (5903807)"
British Columbia,Kwadacha,"Fort Ware 1, IRI (5955807)"
British Columbia,Kwakiutl,"Fort Rupert 1, IRI (5943804); Kippase 2, IRI (5943815); Thomas Point 5, IRI (5943817)"
British Columbia,Kwakiutl District Council,"Campbell River 11, IRI (5924804); Quinsam 12, IRI (5924812); Cape Mudge 10, IRI (5924817); Comox 1, IRI (5926801); Pentledge 2, IRI (5926802); Fort Rupert 1, IRI (5943804); Tsulquate 4, IRI (5943806); Dead Point 5, IRI (5943807); Kippase 2, IRI (5943815); Thomas Point 5, IRI (5943817); Hope Island 1, IRI (5943836)"
British Columbia,Kwantlen First Nation,"McMillan Island 6, IRI (5915816); Langley 5, IRI (5915835); Whonnock 1, IRI (5915840)"
British Columbia,Kwaw-kwaw-a-pilt First Nation,"Kwawkwawapilt 6, IRI (5909821)"
British Columbia,Kwikwetlem First Nation,"Coquitlam 2, IRI (5915804); Coquitlam 1, IRI (5915805)"
British Columbia,Lake Babine Nation,"Woyenne 27, IRI (5951827); Babine 6, IRI (5951828); Babine 25, IRI (5951829); Tadinlay 15, IRI (5951845); Nedoats 11, IRI (5951846); Babine Lake 21B, IRI (5951847)"
British Columbia,Lax Kw'alaams,"Lax Kw'alaams 1, IRI (5947809)"
British Columbia,Laxgalts'ap Village Government,"Laxgalts'ap, NVL (590274)"
British Columbia,Leq'a: mel First Nation,"Holachten 8, IRI (5909879); Lakahahmen 11, IRI (5909880); Skweahm 10, IRI (5909881)"
British Columbia,Lheidli T'enneh First Nation,"Fort George (Shelley) 2, IRI (5953801)"
British Columbia,Lhtako Dene Nation,"Quesnel 1, IRI (5941809)"
British Columbia,Liard First Nation,"Lower Post, S-É (5957813); Liard River 3, IRI (5957814); Upper Liard, SÉ (6001032); Two Mile and Two and One-Half Mile Village, S-É (6001035)"
British Columbia,Lillooet Tribal Council,"Bridge River 1, IRI (5931813); Cayoosh Creek 1, IRI (5931814); Chilhil 6, IRI (5931815); Fountain 1, IRI (5931816); Fountain 3, IRI (5931817); Fountain 10, IRI (5931818); Fountain 11, IRI (5931819); Fountain 12, IRI (5931820); Lillooet 1, IRI (5931821); Fountain Creek 8, IRI (5931822); McCartney's Flat 4, IRI (5931823); Seton Lake 5, IRI (5931824); Necait 6, IRI (5931826); Pashilqua 2, IRI (5931828); Pavilion 1, IRI (5931829); Slosh 1, IRI (5931831); Towinock 2, IRI (5931832); Mission 5, IRI (5931833); Fountain 1B, IRI (5931842); Marble Canyon 3, IRI (5933872)"
British Columbia,Lil'wat Nation,"Nesuch 3, IRI (5931812); Mount Currie, IRI (5931843)"
British Columbia,Little Shuswap,"Chum Creek 2, IRI (5939801); North Bay 5, IRI (5939803); Quaaout 1, IRI (5939805); Scotch Creek 4, IRI (5939807)"
British Columbia,Lower Kootenay,"Creston 1, IRI (5903807)"
British Columbia,Lower Nicola,"Joeyaska 2, IRI (5933805); Nicola Mameet 1, IRI (5933807); Zoht 4, IRI (5933811)"
British Columbia,Lower Similkameen,"Lower Similkameen 2, IRI (5907801); Chopaka 7 & 8, IRI (5907805); Blind Creek 6, IRI (5907806); Alexis 9, IRI (5907808); Ashnola 10, IRI (5907809)"
British Columbia,Lower Stl'atl'imx Tribal Council,"Douglas 8, IRI (5909842); Skookumchuck 4, IRI (5909845); Tipella 7, IRI (5909848); Paqulh, IRI (5909852); Q'alatkú7em, IRI (5909875); Sachteen, IRI (5909883); Nesuch 3, IRI (5931812); Mount Currie, IRI (5931843); Nequatque, IRI (5931844)"
British Columbia,Lytton,"Nesikep 6, IRI (5931827); Halhalaeden, IRI (5933813); Kitzowit 20, IRI (5933823); Klahkamich 17, IRI (5933829); Kleetlekut 22, IRI (5933831); Klickkumcheen 18, IRI (5933832); Inkluckcheen, IRI (5933833); Lytton 4A, IRI (5933839); Lytton 4E, IRI (5933840); Lytton 9A, IRI (5933841); Lytton 9B, IRI (5933842); Nickel Palm 4, IRI (5933848); Nickeyeah 25, IRI (5933850); Nohomeen 23, IRI (5933852); Nuuautin 2, IRI (5933853); Papyum 27, IRI (5933855); Seah 5, IRI (5933858); Skwayaynope 26, IRI (5933866); Spintlum Flat 3, IRI (5933868); Nkaih 10, IRI (5933870); Stryen 9, IRI (5933873); Tsaukan 12, IRI (5933874); Yawaucht 11, IRI (5933878)"
British Columbia,Malahat First Nation,"Malahat 11, IRI (5919815)"
British Columbia,Matsqui,"Matsqui Main 2, IRI (5909878); Matsqui 4, IRI (5915825)"
British Columbia,McLeod Lake Indian Band,"McLeod Lake 1, IRI (5953802)"
British Columbia,Metlakatla,"S1/2 Tsimpsean 2, IRI (5947810)"
British Columbia,Moricetown,"Coryatsaqua (Moricetown) 2, IRI (5949810); Moricetown 1, IRI (5949817); Babine 17, IRI (5949819); Bulkley River 19, IRI (5949820); Jean Baptiste 28, IRI (5951830)"
British Columbia,Mowachaht/Muchalaht,"Ahaminaquus 12, IRI (5924803); Yuquot 1, IRI (5924814); Tsa Xana 18, IRI (5924835)"
British Columbia,Musgamagw Dzawada'enuxw Tribal Council,"Gwayasdums 1, IRI (5943808); Hopetown 10A, IRI (5943809); Quaee 7, IRI (5943813)"
British Columbia,Musqueam Nation,"Musqueam 2, IRI (5915803); Musqueam 4, IRI (5915810)"
British Columbia,Nadleh Whuten,"Nautley (Fort Fraser) 1, IRI (5951802); Seaspunkut 4, IRI (5951806)"
British Columbia,Nak'azdli,"Nak'azdli (Necoslie 1), IRI (5951803); Sowchea 3, IRI (5951804); Williams Prairie Meadow 1A, IRI (5951840); Mission Lands 17, IRI (5951849)"
British Columbia,Namgis First Nation,"Nimpkish 2, IRI (5943835); Alert Bay, IRI (5943837)"
British Columbia,Nanoose First Nation,"Nanoose, IRI (5921805)"
British Columbia,Naut'sa Mawt Tribal Council,"Tsawwassen, IRI (5915802); Burrard Inlet 3, IRI (5915806); T'Sou-ke, IRI (5917819); Halalt 2, IRI (5919801); Squaw-hay-one 11, IRI (5919802); Chemainus 13, IRI (5919804); Malahat 11, IRI (5919815); Oyster Bay 12, IRI (5919816); Nanaimo Town 1, IRI (5921804); Nanoose, IRI (5921805); Nanaimo River, IRI (5921807); Squirrel Cove 8, IRI (5924818); Tork 7, IRI (5924820); Homalco 9, IRI (5924840); Sliammon 1, IRI (5927802)"
British Columbia,Nazko First Nation,"Coglistiko River 29, IRI (5941835); Nazco 20, IRI (5941837); Trout Lake Alec 16, IRI (5941852); Euchinico Creek 17, IRI (5941866); Baezaeko River 27, IRI (5941881)"
British Columbia,Neskonlith,"Neskonlith, IRI (5933898); Switsemalph 3, IRI (5939808)"
British Columbia,Nicola Tribal Association,"Coldwater 1, IRI (5933801); Douglas Lake 3, IRI (5933802); Hamilton Creek 2, IRI (5933803); Nicola Lake 1, IRI (5933806); Nooaitch 10, IRI (5933808); Paul's Basin 2, IRI (5933809); Chuchhraischin, IRI (5933810); Basque 18, IRI (5933828); Kumcheen 1, IRI (5933834); Peq-Paq 22, IRI (5933837); Siska Flat, IRI (5933849); Nicomen 1, IRI (5933851); Pemynoos 9, IRI (5933857); Shackan 11, IRI (5933859); Kloklowuck 7, IRI (5933861); Zacht 5, IRI (5933879); Spences Bridge, IRI (5933881); Shawniken 4B, IRI (5933895)"
British Columbia,Nicomen,"Nicomen 1, IRI (5933851)"
British Columbia,Nooaitch,"Nooaitch 10, IRI (5933808)"
British Columbia,Northern Shuswap Tribal Council Society,"Canoe Creek 1, IRI (5933814); Canoe Creek 2, IRI (5933821); Canim Lake 1, IRI (5941802); Canim Lake 4, IRI (5941803); Canoe Creek 3, IRI (5941804); Deep Creek 2, IRI (5941805); Dog Creek 1, IRI (5941806); Dog Creek 2, IRI (5941807); Soda Creek 1, IRI (5941810); Williams Lake 1, IRI (5941812); Canim Lake 2, IRI (5941813)"
British Columbia,Not affiliated with a Tribal Council,"Samiajij Miawpukek, IRI (1003801); Natuashish 2, IRI (1010801); Sheshatshiu 3, IRI (1010802); Richibucto 15, IRI (1308015); Esgenoôpetitj 14, IRI (1309044); Tabusintac 9, IRI (1309047); Kingsclear 6, IRI (1310019); Tobique 20, IRI (1312007); Wendake, IRI (2423802); Kahnawake, IRI (2467802); Akwesasne, IRI (2469802); Kanesatake, S-É (2472802); Doncaster, IRI (2478802); Kawawachikamach, TK (2497806); Waswanipi, TC (2499802); Mistissini, TC (2499804); Waskaganish, TC (2499806); Nemaska, TC (2499808); Eastmain, TC (2499810); Wemindji, TC (2499812); Chisasibi, TC (2499814); Whapmagoostui, TC (2499816); Oujé-Bougoumou, S-É (2499818); Akwesasne (Part) 59, IRI (3501007); Tyendinaga Mohawk Territory, IRI (3512004); Hiawatha First Nation, IRI (3515008); Curve Lake First Nation 35, IRI (3515019); New Credit (Part) 40A, IRI (3528035); Six Nations (Part) 40, IRI (3528037); Six Nations (Part) 40, IRI (3529020); New Credit (Part) 40A, IRI (3529021); Walpole Island 46, IRI (3538004); Chief's Point No. 28, IRI (3541056); Saugeen 29, IRI (3541057); Neyaashiinigmiing 27, IRI (3541060); Wahta Mohawk Territory, IRI (3544071); Pikwakanagan (Golden Lake 39), IRI (3547037); Bear Island 1, IRI (3548072); Shawanaga 17, IRI (3549072); Wikwemikong Unceded, IRI (3551043); Abitibi 70, IRI (3556033); Gros Cap 49, IRI (3557078); Pic River 50, IRI (3558062); Pays Plat 51, IRI (3558063); Lake Helen 53A, IRI (3558064); Ojibway Nation of Saugeen (Savant Lake), IRI (3558080); Osnaburgh 63A, IRI (3558085); Big Island Mainland 93, IRI (3559052); Saug-a-Gaw-Sing 1, IRI (3559053); Whitefish Bay 32A, IRI (3560004); Osnaburgh 63B, IRI (3560055); Sandy Lake 88, IRI (3560071); Peawanuck, S-É (3560091); Buffalo Point 36, IRI (4601070); Canupawakpa Dakota First Nation (Oak Lake 59), IRI (4606029); Sioux Valley Dakota Nation, IRI (4606040); Dakota Plains 6A, IRI (4609026); Fort Alexander 3, IRI (4619050); Fisher River 44, IRI (4619056); Fisher River 44A, IRI (4619058); The Narrows 49, IRI (4619065); Opaskwayak Cree Nation 21A, IRI (4621033); Opaskwayak Cree Nation 21B, IRI (4621034); Opaskwayak Cree Nation 21C, IRI (4621035); Opaskwayak Cree Nation 21I, IRI (4621040); Opaskwayak Cree Nation 21E, IRI (4621043); Cross Lake 19, IRI (4622051); Cross Lake 19A, IRI (4622052); Norway House 17, IRI (4622058); Nelson House 170, IRI (4622059); Cross Lake 19E, IRI (4622067); South Indian Lake, S-É (4623037); Shamattawa 1, IRI (4623071); White Bear 70, IRI (4701808); Pheasant Rump Nakota 68, IRI (4701819); Cowessess 73, IRI (4705803); Ochapowace 71, IRI (4705806); Ochapowace 71-10, IRI (4705814); Ochapowace 71-54, IRI (4705818); Ochapowace 71-26, IRI (4705821); Ochapowace 71-70, IRI (4705822); Ochapowace 71-7, IRI (4705823); Ochapowace 71-18, IRI (4705824); Ochapowace 71-51, IRI (4705825); Ochapowace 71-44, IRI (4705826); Fishing Lake 89, IRI (4710826); Beardy's and Okemasis 96 and 97A, IRI (4710828); Fishing Lake 89A, IRI (4710854); Opaskwayak Cree Nation 27A (Carrot River), IRI (4714846); Beardy's 97 and Okemasis 96, IRI (4715845); Beardy's and Okemasis 96 and 97B, IRI (4715859); Seekaskootch 119, IRI (4717801); Makaoo (Part) 120, IRI (4717802); Thunderchild First Nation 115B, IRI (4717803); Thunderchild First Nation 115C, IRI (4717804); Big Island Lake Cree Territory, IRI (4717811); Onion Lake 119-1, IRI (4717820); Samson 137, IRI (4808811); Samson 137A, IRI (4808812); Montana 139, IRI (4808813); Makaoo (Part) 120, IRI (4810805); Ermineskin 138, IRI (4811801); Pigeon Lake 138A, IRI (4811802); Louis Bull 138B, IRI (4811803); Stony Plain 135, IRI (4811804); Wabamun 133A, IRI (4811806); Wabamun 133B, IRI (4811807); Saddle Lake 125, IRI (4812806); Thebathi 196, IRI (4816860); Thabacha Náre 196A, IRI (4816861); Jean Baptiste Gambler 183, IRI (4817817); Wabasca 166, IRI (4817818); Wabasca 166A, IRI (4817819); Wabasca 166B, IRI (4817821); Wabasca 166C, IRI (4817822); Wabasca 166D, IRI (4817823); Desmarais, S-É (4817855); Puckatholetchin 11, IRI (5909808); Lukseetsissum 9, IRI (5909810); Yale Town 1, IRI (5909818); Skwah 4, IRI (5909824); Skwali 3, IRI (5909825); Schelowat 1, IRI (5909838); Chehalis 5, IRI (5909839); Stullawheets 8, IRI (5909841); Peters 1, IRI (5909843); Skwahla 2, IRI (5909849); Albert Flat 5, IRI (5909876); Semiahmoo, IRI (5915801); Musqueam 2, IRI (5915803); Coquitlam 2, IRI (5915804); Coquitlam 1, IRI (5915805); Mission 1, IRI (5915807); Capilano 5, IRI (5915808); Barnston Island 3, IRI (5915809); Musqueam 4, IRI (5915810); Seymour Creek 2, IRI (5915811); Katzie 2, IRI (5915813); Katzie 1, IRI (5915830); Cole Bay 3, IRI (5917801); Union Bay 4, IRI (5917802); East Saanich 2, IRI (5917803); South Saanich 1, IRI (5917804); Galiano Island 9, IRI (5917805); Becher Bay 1, IRI (5917809); Esquimalt, IRI (5917811); New Songhees 1A, IRI (5917812); Gordon River 2, IRI (5917815); Tsussie 6, IRI (5919803); Kil-pah-las 3, IRI (5919808); Penelakut Island 7, IRI (5919809); Shingle Point 4, IRI (5919811); Cowichan Lake, IRI (5919812); Portier Pass 5, IRI (5919817); Theik 2, IRI (5919818); Est-Patrolas 4, IRI (5919820); Tzart-Lam 5, IRI (5919821); Cowichan, IRI (5919822); Qualicum, IRI (5921806); Sechelt (Part), IGD (5927806); Chekwelp 26, IRI (5929801); Sechelt (Part), IGD (5929803); Cheakamus 11, IRI (5931801); Kowtain 17, IRI (5931802); Seaichem 16, IRI (5931806); Stawamus 24, IRI (5931807); Waiwakum 14, IRI (5931808); Yekwaupsum 18, IRI (5931809); Joeyaska 2, IRI (5933805); Nicola Mameet 1, IRI (5933807); Zoht 4, IRI (5933811); High Bar 1, IRI (5933819); Ashcroft 4, IRI (5933844); 105 Mile Post 2, IRI (5933845); Kanaka Bar, IRI (5933882); Nekliptum 1, IRI (5933896); Chum Creek 2, IRI (5939801); North Bay 5, IRI (5939803); Quaaout 1, IRI (5939805); Scotch Creek 4, IRI (5939807); Alkali Lake 1, IRI (5941801); Johny Sticks 2, IRI (5941811); Coglistiko River 29, IRI (5941835); Nazco 20, IRI (5941837); Trout Lake Alec 16, IRI (5941852); Windy Mouth 7, IRI (5941855); Euchinico Creek 17, IRI (5941866); Sandy Harry 4, IRI (5941868); Swan Lake 3, IRI (5941872); Alkali Lake 4A, IRI (5941873); Baezaeko River 27, IRI (5941881); Little Springs, IRI (5941885); Quatsino Subdivision 18, IRI (5943816); Nimpkish 2, IRI (5943835); Alert Bay, IRI (5943837); Bella Bella 1, IRI (5945801); Kulkayu (Hartley Bay) 4, IRI (5947806); Dolphin Island 1, IRI (5947807); Lax Kw'alaams 1, IRI (5947809); S1/2 Tsimpsean 2, IRI (5947810); Nisga'a, NL (5949035); Kitamaat 2, IRI (5949803); Kitsumkaylum 1, IRI (5949804); Kshish 4, IRI (5949805); Kulspai 6, IRI (5949807); Coryatsaqua (Moricetown) 2, IRI (5949810); Hagwilget 1, IRI (5949811); Gitsegukla 1, IRI (5949814); Gitwangak 1, IRI (5949816); Moricetown 1, IRI (5949817); Babine 17, IRI (5949819); Bulkley River 19, IRI (5949820); Iskut 6, IRI (5949832); Guhthe Tah 12, IRI (5949843); Kitselas 1, IRI (5949844); Dease Lake 9, IRI (5949845); Tahltan 1, IRI (5949846); Telegraph Creek, IRI (5949847); Ye Koo Che 3, IRI (5951801); Cheslatta 1, IRI (5951818); Omineca 1, IRI (5951819); Francois Lake 7, IRI (5951822); Skins Lake 16A, IRI (5951823); Skins Lake 16B, IRI (5951824); Uncha Lake 13A, IRI (5951826); Woyenne 27, IRI (5951827); Babine 6, IRI (5951828); Babine 25, IRI (5951829); Jean Baptiste 28, IRI (5951830); Tatla't East 2, IRI (5951833); Tadinlay 15, IRI (5951845); Nedoats 11, IRI (5951846); Babine Lake 21B, IRI (5951847); Fort George (Shelley) 2, IRI (5953801); McLeod Lake 1, IRI (5953802); Blueberry River 205, IRI (5955803); Ingenika Point, S-É (5955812); Unnamed 10, IRI (5957802); Five Mile Point 3, IRI (5957803); Teslin Post 13, SG (6001007); Carcross 4, SG (6001008); Lake Laberge 1, SG (6001010); Klukshu, S-É (6001016); Haines Junction, VL (6001018); Kloo Lake, S-É (6001019); Mayo, VL (6001022); Moosehide Creek 2, SG (6001031); Tagish, SÉ (6001036); Champagne Landing 10, S-É (6001038); Burwash Landing, SÉ (6001039); Pelly Crossing, SÉ (6001041); Beaver Creek, SÉ (6001042); Old Crow, SÉ (6001043); Johnsons Crossing, SÉ (6001047); Carcross, SÉ (6001048); Teslin, TL (6001057); Behchokò, CG (6103031); Whatì, CG (6103034); Gamètì, CG (6103049); Wekweètì, CG (6103052); Carmacks Landing Settlement, SE (600001)"
British Columbia,N'Quatqua,"Nequatque, IRI (5931844)"
British Columbia,Nuu-Chah-Nulth Tribal Council,"Malachan 11, IRI (5919814); Ahahswinis 1, IRI (5923801); Alberni 2, IRI (5923802); Anacla 12, IRI (5923803); Clakamucus 2, IRI (5923804); Elhlateese 2, IRI (5923805); Hesquiat 1, IRI (5923806); Ittatsoo 1, IRI (5923807); Marktosis 15, IRI (5923808); Numukamis 1, IRI (5923809); Macoah 1, IRI (5923810); Opitsat 1, IRI (5923813); Sachsa 4, IRI (5923814); Tsahaheh 1, IRI (5923816); Klehkoot 2, IRI (5923822); Esowista 3, IRI (5923823); Refuge Cove 6, IRI (5923824); Tin Wis 11, IRI (5923825); Ahaminaquus 12, IRI (5924803); Chenahkint 12, IRI (5924805); Houpsitas 6, IRI (5924806); Village Island 1, IRI (5924813); Yuquot 1, IRI (5924814); Oclucje 7, IRI (5924833); Tsa Xana 18, IRI (5924835); Ehatis 11, IRI (5924836)"
British Columbia,Nuxalk Nation,"Bella Coola 1, IRI (5945802)"
British Columbia,Okanagan,"Duck Lake 7, IRI (5935801); Okanagan (Part) 1, IRI (5937801); Priest's Valley 6, IRI (5937803); Harris 3, IRI (5937805); Okanagan (Part) 1, IRI (5939804)"
British Columbia,Okanagan Nation Alliance,"Lower Similkameen 2, IRI (5907801); Osoyoos 1, IRI (5907802); Penticton 1, IRI (5907803); Chopaka 7 & 8, IRI (5907805); Blind Creek 6, IRI (5907806); Chuchuwayha 2, IRI (5907807); Alexis 9, IRI (5907808); Ashnola 10, IRI (5907809); Duck Lake 7, IRI (5935801); Tsinstikeptum 9, IRI (5935802); Tsinstikeptum 10, IRI (5935803); Okanagan (Part) 1, IRI (5937801); Priest's Valley 6, IRI (5937803); Harris 3, IRI (5937805); Okanagan (Part) 1, IRI (5939804)"
British Columbia,Old Massett Village Council,"Masset 1, IRI (5947803)"
British Columbia,Osoyoos,"Osoyoos 1, IRI (5907802)"
British Columbia,Pacheedaht First Nation,"Gordon River 2, IRI (5917815)"
British Columbia,Pauquachin,"Cole Bay 3, IRI (5917801)"
British Columbia,Penelakut Tribe,"Galiano Island 9, IRI (5917805); Tsussie 6, IRI (5919803); Penelakut Island 7, IRI (5919809)"
British Columbia,Penticton,"Penticton 1, IRI (5907803)"
British Columbia,Prophet River First Nation,"Prophet River 4, IRI (5959810)"
British Columbia,Qualicum,"Qualicum, IRI (5921806)"
British Columbia,Quatsino,"Quatsino Subdivision 18, IRI (5943816)"
British Columbia,Saik'uz First Nation,"Stony Creek 1, IRI (5951809); Laketown 3, IRI (5951813)"
British Columbia,Saulteau First Nations (BC),"East Moberly Lake 169, IRI (5955801)"
British Columbia,Scia'new,"Becher Bay 1, IRI (5917809)"
British Columbia,Seabird Island,"Seabird Island, IRI (5909832)"
British Columbia,Sechelt,"Sechelt (Part), IGD (5927806); Sechelt (Part), IGD (5929803)"
British Columbia,Secretariat of the Haida Nation,"Masset 1, IRI (5947803); Skidegate 1, IRI (5947804)"
British Columbia,Semiahmoo,"Semiahmoo, IRI (5915801)"
British Columbia,Shackan,"Shackan 11, IRI (5933859)"
British Columbia,Shuswap,"Shuswap, IRI (5901806)"
British Columbia,Shuswap Nation Tribal Council,"Shuswap, IRI (5901806); Bonaparte 3, IRI (5933812); Skeetchestn, IRI (5933817); Lower Hat Creek 2, IRI (5933836); Upper Hat Creek 1, IRI (5933875); Whispering Pines 4, IRI (5933877); Kamloops 1, IRI (5933880); Sahhaltkum 4, IRI (5933884); Nekalliston 2, IRI (5933886); North Thompson 1, IRI (5933887); Louis Creek 4, IRI (5933888); Squaam 2, IRI (5933889); Neskonlith, IRI (5933898); Enderby 2, IRI (5937802); Hustalen 1, IRI (5939802); Salmon River 1, IRI (5939806); Switsemalph 3, IRI (5939808); Switsemalph, IRI (5939811)"
British Columbia,Shxwhá:y Village,"Skway 5, IRI (5909826)"
British Columbia,Shxw'ow'hamel First Nation,"Ohamil 1, IRI (5909807)"
British Columbia,Simpcw First Nation,"Nekalliston 2, IRI (5933886); North Thompson 1, IRI (5933887); Louis Creek 4, IRI (5933888)"
British Columbia,Siska,"Siska Flat, IRI (5933849); Zacht 5, IRI (5933879)"
British Columbia,Skatin Nations (Skookumchuck),"Skookumchuck 4, IRI (5909845)"
British Columbia,Skeetchestn,"Skeetchestn, IRI (5933817)"
British Columbia,Skidegate,"Skidegate 1, IRI (5947804)"
British Columbia,Skowkale,"Skowkale, IRI (5909884)"
British Columbia,Skwah,"Skwah 4, IRI (5909824); Skwali 3, IRI (5909825); Schelowat 1, IRI (5909838); Skwahla 2, IRI (5909849)"
British Columbia,Snuneymuxw First Nation,"Nanaimo Town 1, IRI (5921804); Nanaimo River, IRI (5921807)"
British Columbia,Songhees Nation,"New Songhees 1A, IRI (5917812)"
British Columbia,Soowahlie,"Soowahlie 14, IRI (5909827)"
British Columbia,Splatsin First Nation,"Enderby 2, IRI (5937802); Salmon River 1, IRI (5939806)"
British Columbia,Sq'ewlets,"Scowlitz 1, IRI (5909833); Squawkum Creek 3, IRI (5909882)"
British Columbia,Squamish,"Mission 1, IRI (5915807); Capilano 5, IRI (5915808); Seymour Creek 2, IRI (5915811); Chekwelp 26, IRI (5929801); Cheakamus 11, IRI (5931801); Kowtain 17, IRI (5931802); Seaichem 16, IRI (5931806); Stawamus 24, IRI (5931807); Waiwakum 14, IRI (5931808); Yekwaupsum 18, IRI (5931809)"
British Columbia,Squiala First Nation,"Squiaala, IRI (5909885)"
British Columbia,Stellat'en First Nation,"Stellaquo (Stella) 1, IRI (5951807)"
British Columbia,Sto:lo Nation,"Skawahlook 1, IRI (5909814); Skway 5, IRI (5909826); Tzeachten 13, IRI (5909830); Yakweakwioose 12, IRI (5909831); Aitchelitch 9, IRI (5909835); Popkum 1, IRI (5909844); Upper Sumas 6, IRI (5909877); Matsqui Main 2, IRI (5909878); Holachten 8, IRI (5909879); Lakahahmen 11, IRI (5909880); Skweahm 10, IRI (5909881); Skowkale, IRI (5909884); Squiaala, IRI (5909885); Matsqui 4, IRI (5915825)"
British Columbia,Sto:lo Tribal Council,"Chawathil 4, IRI (5909804); Ohamil 1, IRI (5909807); Schkam 2, IRI (5909812); Kwawkwawapilt 6, IRI (5909821); Soowahlie 14, IRI (5909827); Seabird Island, IRI (5909832); Scowlitz 1, IRI (5909833); Tseatah 2, IRI (5909834); Cheam 1, IRI (5909837); Squawkum Creek 3, IRI (5909882); McMillan Island 6, IRI (5915816); Langley 5, IRI (5915835); Whonnock 1, IRI (5915840)"
British Columbia,Sts'ailes,"Chehalis 5, IRI (5909839)"
British Columbia,Stswecem'c Xgat'tem First Nation,"Canoe Creek 1, IRI (5933814); Canoe Creek 2, IRI (5933821); Canoe Creek 3, IRI (5941804); Dog Creek 1, IRI (5941806); Dog Creek 2, IRI (5941807)"
British Columbia,Stz'uminus First Nation,"Squaw-hay-one 11, IRI (5919802); Chemainus 13, IRI (5919804); Oyster Bay 12, IRI (5919816)"
British Columbia,Sumas First Nation,"Upper Sumas 6, IRI (5909877)"
British Columbia,Tahltan,"Guhthe Tah 12, IRI (5949843); Dease Lake 9, IRI (5949845); Tahltan 1, IRI (5949846); Telegraph Creek, IRI (5949847)"
British Columbia,Takla Lake First Nation,"Tacla Lake (Ferry Landing) 9, IRI (5951811); North Tacla Lake, IRI (5951848)"
British Columbia,Taku River Tlingit,"Unnamed 10, IRI (5957802); Five Mile Point 3, IRI (5957803)"
British Columbia,T'it'q'et,"Lillooet 1, IRI (5931821); McCartney's Flat 4, IRI (5931823); Seton Lake 5, IRI (5931824); Towinock 2, IRI (5931832)"
British Columbia,Tk'emlups Te Secwepemc,"Kamloops 1, IRI (5933880)"
British Columbia,Tla'amin,"Sliammon 1, IRI (5927802)"
British Columbia,Tla-O-Qui-Aht First Nations,"Opitsat 1, IRI (5923813); Esowista 3, IRI (5923823); Tin Wis 11, IRI (5923825)"
British Columbia,Tl'azt'en Nation,"Binche 2 (Pinchie 2), IRI (5951805); Tache 1, IRI (5951810); Dzitline Lee 9, IRI (5951814)"
British Columbia,Tl'esqox,"Baptiste Meadow 2, IRI (5941849); Toosey 1, IRI (5941850)"
British Columbia,Tl'etinqox-t'in Government,"Anahim's Flat 1, IRI (5941821); Anahim's Meadow, IRI (5941883)"
British Columbia,Tobacco Plains,"Tobacco Plains 2, IRI (5901801)"
British Columbia,Treaty 8 Tribal Association,"East Moberly Lake 169, IRI (5955801); West Moberly Lake 168A, IRI (5955802); Doig River 206, IRI (5955804); Halfway River 168, IRI (5955808); Fontas 1, IRI (5959805); Fort Nelson 2, IRI (5959806); Kahntah 3, IRI (5959809); Prophet River 4, IRI (5959810)"
British Columbia,Tsal'alh,"Necait 6, IRI (5931826); Slosh 1, IRI (5931831); Mission 5, IRI (5931833)"
British Columbia,Tsartlip,"South Saanich 1, IRI (5917804)"
British Columbia,Tsawout First Nation,"East Saanich 2, IRI (5917803)"
British Columbia,Tsawwassen First Nation,"Tsawwassen, IRI (5915802)"
British Columbia,Tsay Keh Dene,"Ingenika Point, S-É (5955812)"
British Columbia,Tseshaht,"Alberni 2, IRI (5923802); Tsahaheh 1, IRI (5923816)"
British Columbia,Tseycum,"Union Bay 4, IRI (5917802)"
British Columbia,Ts'il Kaz Koh (Burns Lake),"Burns Lake 18, IRI (5951815); Poison Creek 17A, IRI (5951844)"
British Columbia,Tsilhqot'in National Government,"Lohbiee 3, IRI (5941808); Alexis Creek 14, IRI (5941817); Alexis Creek 16, IRI (5941818); Anahim's Flat 1, IRI (5941821); Charley Boy's Meadow 3, IRI (5941827); Chilco Lake 1, IRI (5941828); Chilco Lake 1A, IRI (5941829); Tanakut 4, IRI (5941831); Puntzi Lake 2, IRI (5941838); Redstone Flat 1, IRI (5941839); Stone 1, IRI (5941841); Agats Meadow 8, IRI (5941844); Alexis Creek 21, IRI (5941848); Alexis Creek 34, IRI (5941856); Lezbye 6, IRI (5941876); Michel Gardens 36, IRI (5941879); Alexandria, IRI (5941882); Anahim's Meadow, IRI (5941883); Garden, IRI (5941884)"
British Columbia,Ts'kw'aylaxw First Nation,"Pavilion 1, IRI (5931829); Marble Canyon 3, IRI (5933872)"
British Columbia,Tsleil-Waututh Nation,"Burrard Inlet 3, IRI (5915806)"
British Columbia,T'Sou-ke First Nation,"T'Sou-ke, IRI (5917819)"
British Columbia,Tzeachten,"Tzeachten 13, IRI (5909830)"
British Columbia,Ulkatcho,"Louis Squinas Ranch 14, IRI (5941834); Squinas 2, IRI (5941840); Thomas Squinas Ranch 2A, IRI (5941845); Towdystan Lake 3, IRI (5941851); Ulkatcho 13, IRI (5941854); Cahoose 10, IRI (5941858); Blackwater Meadow 11, IRI (5941859); Cahoose 12, IRI (5941860); Betty Creek 18, IRI (5941861); Salmon River Meadow 7, IRI (5941862); Fishtrap 19, IRI (5941871); Ulkatcho 14A, IRI (5941880)"
British Columbia,Upper Nicola,"Douglas Lake 3, IRI (5933802); Hamilton Creek 2, IRI (5933803); Nicola Lake 1, IRI (5933806)"
British Columbia,Upper Similkameen,"Chuchuwayha 2, IRI (5907807)"
British Columbia,We Wai Kai,"Quinsam 12, IRI (5924812); Cape Mudge 10, IRI (5924817)"
British Columbia,Wei Wai Kum,"Campbell River 11, IRI (5924804)"
British Columbia,West Moberly First Nations,"West Moberly Lake 168A, IRI (5955802)"
British Columbia,Westbank First Nation,"Tsinstikeptum 9, IRI (5935802); Tsinstikeptum 10, IRI (5935803)"
British Columbia,Whispering Pines/Clinton,"Whispering Pines 4, IRI (5933877)"
British Columbia,Williams Lake,"Williams Lake 1, IRI (5941812)"
British Columbia,Wuikinuxv Kitasoo Nuxalk Tribal Council (Wkntc),"Bella Coola 1, IRI (5945802); Katit 1, IRI (5945803); Kitasoo 1, IRI (5949802)"
British Columbia,Wuikinuxv Nation,"Katit 1, IRI (5945803)"
British Columbia,Xat'sull,"Deep Creek 2, IRI (5941805); Soda Creek 1, IRI (5941810)"
British Columbia,Xaxli'p First Nation (Fountain),"Chilhil 6, IRI (5931815); Fountain 1, IRI (5931816); Fountain 3, IRI (5931817); Fountain 10, IRI (5931818); Fountain 11, IRI (5931819); Fountain 12, IRI (5931820); Fountain Creek 8, IRI (5931822); Fountain 1B, IRI (5931842)"
British Columbia,Xa'Xtsa,"Douglas 8, IRI (5909842); Tipella 7, IRI (5909848)"
British Columbia,Xeni Gwet'in First Nations Government,"Lohbiee 3, IRI (5941808); Chilco Lake 1, IRI (5941828); Chilco Lake 1A, IRI (5941829); Tanakut 4, IRI (5941831); Lezbye 6, IRI (5941876); Garden, IRI (5941884)"
British Columbia,Yakweakwioose,"Yakweakwioose 12, IRI (5909831)"
British Columbia,Yale First Nation,"Lukseetsissum 9, IRI (5909810); Yale Town 1, IRI (5909818); Stullawheets 8, IRI (5909841); Albert Flat 5, IRI (5909876)"
British Columbia,Yekooche,"Ye Koo Che 3, IRI (5951801)"
British Columbia,Yunesit'in Government,"Stone 1, IRI (5941841)"
British Columbia,Yuu_u_i__at_ Government,"Clakamucus 2, IRI (5923804); Ittatsoo 1, IRI (5923807)"
Yukon,Carcross/Tagish First Nations,"Carcross 4, SG (6001008); Tagish, SÉ (6001036); Carcross, SÉ (6001048)"
Yukon,Champagne and Aishihik First Nations,"Klukshu, S-É (6001016); Haines Junction, VL (6001018); Kloo Lake, S-É (6001019); Champagne Landing 10, S-É (6001038)"
Yukon,First Nation of Nacho Nyak Dun,"Mayo, VL (6001022)"
Yukon,Kluane First Nation,"Burwash Landing, SÉ (6001039)"
Yukon,Little Salmon/Carmacks First Nation,"Carmacks Landing Settlement, SE (600001)"
Yukon,Ross River,"Ross River, SÉ (6001037)"
Yukon,Selkirk First Nation,"Pelly Crossing, SÉ (6001041)"
Yukon,Teslin Tlingit Council,"Teslin Post 13, SG (6001007); Johnsons Crossing, SÉ (6001047); Teslin, TL (6001057)"
Yukon,Vuntut Gwitchin First Nation,"Old Crow, SÉ (6001043)"
Yukon,White River First Nation,"Beaver Creek, SÉ (6001042)"
Northwest Territories,Acho Dene Koe First Nation,"Fort Liard, HAM (6104009)"
Northwest Territories,Akaitcho Territory Government,"Salt Plains 195, IRI (6105004); Fort Resolution, HAM (6105018); Lutselk'e, SET (6105020); Detah, SET (6106021)"
Northwest Territories,"Behdzi Ahda"" First Nation","Colville Lake, SET (6102012)"
Northwest Territories,Dechi Laot'i First Nations,"Wekweètì, CG (6103052)"
Northwest Territories,Deh Cho First Nations,"Kakisa, SET (6104005); Sambaa K'e, SET (6104006); Fort Liard, HAM (6104009); Nahanni Butte, SET (6104010); Jean Marie River, SET (6104013); Fort Providence, HAM (6104014); Hay River Dene 1, IRI (6104017); Fort Simpson, VL (6104038); Wrigley, SET (6104044)"
Northwest Territories,Deh Gáh Got'ie Dene First Nation,"Fort Providence, HAM (6104014)"
Northwest Territories,Deline First Nation,"Déline, CC (6102003)"
Northwest Territories,Deninu K'ue First Nation,"Fort Resolution, HAM (6105018)"
Northwest Territories,Dog Rib Rae,"Behchokò, CG (6103031)"
Northwest Territories,Fort Good Hope,"Fort Good Hope, CC (6102009)"
Northwest Territories,Gameti First Nation,"Gamètì, CG (6103049)"
Northwest Territories,Gwich'in Tribal Council,"Tsiigehtchic, CC (6101010); Fort McPherson, HAM (6101015)"
Northwest Territories,Gwichya Gwich'in,"Tsiigehtchic, CC (6101010)"
Northwest Territories,Jean Marie River First Nation,"Jean Marie River, SET (6104013)"
Northwest Territories,K'atlodeeche First Nation,"Hay River Dene 1, IRI (6104017)"
Northwest Territories,Liidlii Kue First Nation,"Fort Simpson, VL (6104038)"
Northwest Territories,Lutsel K'e Dene First Nation,"Lutselk'e, SET (6105020)"
Northwest Territories,Nahanni Butte,"Nahanni Butte, SET (6104010)"
Northwest Territories,Pehdzeh Ki First Nation,"Wrigley, SET (6104044)"
Northwest Territories,Sahtu Dene Council,"Déline, CC (6102003); Tulita, HAM (6102005); Fort Good Hope, CC (6102009); Colville Lake, SET (6102012)"
Northwest Territories,Sambaa K'e(Trout Lake) Dene,"Sambaa K'e, SET (6104006)"
Northwest Territories,Tetlit Gwich'in,"Fort McPherson, HAM (6101015)"
Northwest Territories,Tulita Dene,"Tulita, HAM (6102005)"
Northwest Territories,Wha Ti First Nation,"Whatì, CG (6103034)"
Northwest Territories,Yellowknives Dene First Nation,"Detah, SET (6106021)"